id,name,element,type,power,anger,accuracy,option,description
-4,逃跑,0,-4,0,0,100,none,快速逃跑，输掉这场对战
-1,空过,0,-1,0,0,100,none,跳过自己的回合
-1008,物竞天择,19,2,95,5,95,none,使对手在异常状态中随机获得一种
-1007,王魂天劫,19,1,95,5,95,none,解除自身能力下降状态
-1006,圣灵浩瀚,19,2,70,5,95,priority=1&critical=100,圣灵浩瀚给予对手致命一击
-1005,逆世星阵,19,1,95,5,95,none,使对手在不良状态中随机获得一种
-1004,擎天修罗,19,2,95,5,95,none,清除对手能力强化效果
-1003,圣灵瀎世,19,1,70,5,95,priority=1&critical=100,圣灵瀎世给予对手致命一击
-1002,精灵王之怒,19,100,200,100,1100,none,精灵王隐藏的力量[ENDL]必中。造成的伤害不低于200[ENDL]对手为精灵王系时造成上万倍伤害并使自身损失相应体力
-1001,我要秒杀你,7,100,170,100,1100,priority=6,必中。造成99999伤害并秒杀对手
10001,拍打,0,1,40,0,95,none,冲向对手进行拍打攻击
10002,水泡,2,2,60,5,95,none,吐出一个水泡攻击对手
10003,脱力,0,0,0,10,100,none,放出一个脱力泡泡降低对手的物攻
10004,弱点攻击,2,1,70,10,95,ref_buff=3000,攻击对手并留下1个[ffbb33]【弱点记号】[-]
10005,激流穿击,2,2,75,15,95,group=1,喷射出激流攻击对手[ENDL]消耗所有弱点记号，每1个记号使暴击率增加45%
10006,洒水,2,0,0,10,100,none,向对手洒水降低对手的特攻
10007,以怒打怒,0,1,10,5,95,none,释放自己的怒气来消除对手20点怒气
10008,海啸连击,2,2,60,15,95,group=1,刮起海啸连续冲击对手[ENDL]消耗所有弱点记号，每1个记号使连击数+1
10009,水流护体,2,0,0,20,100,none,召唤水流包围全身增加物防和特防
10010,弱化打击,0,1,80,25,95,none,冲向对手腹部猛烈进行攻击[ENDL]对手处于物攻弱化状态时，使对手物防下降1级[ENDL]对手处于特攻弱化状态时，使对手特防下降1级
10011,飞流瀑布,2,2,100,15,95,group=1,从上倾下瀑布攻击对手[ENDL]消耗所有弱点记号，每1个记号使威力增加50
10012,海浪之盾,2,0,0,15,100,ref_buff=16,展开海浪之盾[ffbb33]【柔化】[-]自身以抵御特殊攻击5回合
10013,无尽大漩涡,2,100,170,100,1100,ref_buff=1000,施展无尽大漩涡淹没对手[ENDL]必中。使对手[ffbb33]【溺水】[-]3回合
10014,水花溅射,2,2,80,15,95,none,发出水花溅射对手的眼睛[ENDL]5回合使对手命中率减少15%[ENDL]对手[ffbb33]【溺水】[-]时伤害增加50%
10015,淹没,2,0,0,20,85,ref_buff=1000,施放大量潮水淹没对手[ENDL]使对手[ffbb33]【溺水】[-]3回合
10016,弱点标记,2,2,65,15,95,ref_buff=3000,在对手身上标记2个[ffbb33]【弱点记号】[-]
10017,迪休拉之怒,0,100,90,100,1100,second_super=true,必中。迪兰特、休罗斯、拉奥叶合力进行3连击
10018,利爪,0,1,45,0,95,none,冲向对手使用爪子攻击
10019,火焰,3,2,60,5,95,none,吐出一团火焰灼烧对手
10020,气力,0,0,0,10,100,none,集合气力增加自身的物攻
10021,奋力突破,0,1,75,10,95,ref_buff=3001,奋力的突破对手的防御[ENDL]使对手[ffbb33]【易伤】[-]
10022,踏火冲撞,3,1,80,15,95,ref_buff=1001,10%使对手[ffbb33]【烧伤】[-]3回合
10023,加速,0,0,0,10,100,none,脚下生风，提升自身的速度
10024,佯攻,0,1,75,15,95,priority=2,超速的佯装攻击[ENDL]使下一次技能威力增加50[ENDL]（佯攻除外）
10025,集中,0,2,70,10,95,none,集中精力攻击[ENDL]使下一次技能必中
10026,火海,3,2,70,15,25,ref_buff=1001/1011,放出大片火海包围对手[ENDL]命中时使对手[ffbb33]【烧伤】[-]3回合[ENDL]未命中时使对手[ffbb33]【烫伤】[-]3回合
10027,怒火猛攻,3,1,100,20,95,none,怒火集中猛攻对手[ENDL]造成的伤害不低于100
10028,嗜血,0,0,0,0,100,none,蒸发血液获得怒气[ENDL]损失自身1/6当前体力[ENDL]增加35点怒气
10029,烈焰绝袭击,3,1,125,30,95,none,10%弱化对手物防1级
10030,烈火焚天烧,3,100,175,100,1100,none,召唤巨大火焰焚烧一切[ENDL]必中。造成伤害不低于技能威力
10031,炎之意志,3,0,0,15,100,none,燃起火焰斗气[ENDL]使下一次技能伤害增加100%
10032,绝处逢生,0,1,50,10,95,none,背水一战[ENDL]自身体力低于1/4时威力4倍
10033,不灭之心,0,0,0,25,100,ref_buff=3017,永恒不灭的意志[ENDL]获得[ffbb33]【不屈】[-]状态
10034,冲撞,0,1,35,0,95,none,向对手冲撞过去
10035,种子爆弹,1,2,25,5,95,none,连续发射2~3颗种子爆弹
10036,治愈,1,0,0,20,100,none,用叶子滋润自己[ENDL]恢复自身1/4体力
10037,种子能量,1,2,60,10,95,ref_buff=3019,攻击对手同时给自身增加4个[ffbb33]【种子】[-]
10038,能量释放,1,2,50,15,95,none,释放所有种子能量攻击对手[ENDL]每1个种子使威力增加25
10039,削弱,0,0,0,20,100,none,削弱对手的物攻和特攻
10040,飞叶速射,1,2,25,15,95,none,连续射出3~5片飞叶攻击对手
10041,寄生种子,1,0,0,15,100,ref_buff=1007,放出寄生种子吸收对手补充自身[ENDL]使对手被[ffbb33]【寄生】[-]5回合
10042,能量榨取,1,1,80,15,95,none,榨取对手的体力[ENDL]释放所有种子能量，每1个种子可恢复伤害量1/4的体力
10043,净化汁液,1,0,0,20,100,none,放出一滴净化汁液来清除对手能力强化并恢复自身1/8体力
10044,利刃刀叶,1,1,110,25,95,ref_buff=1004[30],利用锋利的叶子割伤对手[ENDL]使对手[ffbb33]【流血】[-]3回合
10045,干扰,0,0,0,10,100,none,干扰对手，使其命中率减少15%
10046,拉奥的呼唤,1,100,165,100,1100,none,呼唤拉奥一族协助攻击并回复自身[ENDL]必中。3回合內每回合回复自身13%体力
10047,千叶杀,1,2,100,10,95,none,发射出千片叶子击杀对手[ENDL]对手体力低于1/4时威力2倍
10048,寄生炸弹,1,0,0,15,100,ref_buff=3002,给对手身上注入一个3回合后爆炸的[ffbb33]【寄生炸弹】[-]
10049,引爆种子,0,0,0,10,100,none,释放所有种子能量，瞬间引爆寄生炸弹
10050,撞击,0,1,35,0,95,none,向对手冲撞过去
10051,手下留情,0,1,55,5,95,none,不使出全力的攻击[ENDL]不会使对手的体力低于1
10052,白化光线,0,2,60,10,95,none,射出白色光线攻击
10053,瞄准,0,0,0,10,100,none,瞄准对手[ENDL]使自身的命中率+25%，且特殊攻击忽视对手25%当前特防值
10054,强化状态,0,0,0,10,100,none,强化自身进攻能力[ENDL]5回合使自身技能威力增加50
10055,先发制人,0,1,45,10,95,priority=1,以迅速的行动率先出击[ENDL]对手满体力时威力2倍
10056,手下无情,0,1,50,10,95,none,无情的给对手最后一击[ENDL]对手体力低于1/4时威力4倍
10057,魅惑,0,0,0,20,35,ref_buff=101,魅惑对手，让对手无法行动[ENDL]使对手被[ffbb33]【魅惑】[-]2回合
10058,锐利射线,0,2,75,15,95,none,比白化光线更强的射线攻击
10059,迟缓光波,0,0,0,10,100,none,放出迟缓光波降低对手的速度
10060,后发制人,0,1,90,10,95,priority=-1,先退一步观察对手动作，再一举制伏对方[ENDL]自身体力低于1/4时必定暴击
10061,闪避,0,0,0,15,35,none,以灵巧的动作闪避攻击[ENDL]2回合內闪避对手的攻击
10062,幻境裂闪光,0,100,160,100,1100,none,在幻境中发射无数闪光攻击对手使其命中率下降[ENDL]必中。使对手命中率减少15%
10063,绫彩光线,0,2,100,20,1100,none,发出绫彩的光线攻击对手[ENDL]必中
10064,幻觉状态,0,0,0,20,100,ref_buff=3024,短暂牺牲味觉使自身进入幻觉状态。幻觉状态下属性技能朝四面八方释放覆盖全场[ENDL]获得[ffbb33]【幻觉】[-]状态5回合
10065,迷惑,0,0,0,20,35,ref_buff=3003,[ffbb33]【迷惑】[-]对手使其攻击误伤自身
10066,同生共死,0,1,80,10,95,none,与对手同生共死的攻击[ENDL]对手满体力时额外附加对手最大体力1/4的伤害[ENDL]附加伤害最高不超过自身最大体力的1/4
10067,冲顶,0,1,35,0,95,none,向对手冲顶过去
10068,角突,0,1,60,5,95,none,用尖锐的犄角突击对手
10069,焦点腐蚀,5,2,70,10,95,ref_buff=3143,腐蚀对手并使自身获得[ffbb33]【焦点腐蚀】[-]状态
10070,硬甲重击,0,1,100,15,50,ref_buff=1003,用坚硬的甲壳重击对手[ENDL]使对手[ffbb33]【中毒】[-]3回合
10071,补救重击,5,1,80,15,95,none,补救未命中的硬甲重击时威力2倍
10072,零度重击,5,2,100,20,95,none,补救未命中的硬甲重击时触发焦点腐蚀效果
10073,虫群潜伏,5,0,0,10,100,none,提升自身的物防[ENDL]虫群环境下额外提升自身的特防
10074,重甲穿刺,0,1,120,15,50,ref_buff=1004[30],用沉重的甲壳穿刺对手[ENDL]使对手[ffbb33]【流血】[-]3回合
10075,补救穿刺,5,1,100,20,95,none,补救未命中的重甲穿刺时威力2倍
10076,零度穿刺,5,2,120,25,95,none,补救未命中的重甲穿刺时触发焦点腐蚀效果
10077,虫群恶袭,5,0,0,10,100,none,提升自身的物攻[ENDL]虫群环境下额外提升自身的特攻
10078,螺旋冲击钻,5,100,165,100,100,none,如同冲击钻一般攻击对手，破坏对手防御[ENDL]必中。消除对手防御类强化
10079,破甲虚弱,5,1,110,25,95,none,给对手强劲的打击[ENDL]对手体力低于1/4时伤害增加50%
10080,无限追击,5,2,100,20,95,none,锁定对手不停的攻击[ENDL]连续使用时威力增加50，最多增加1次
10081,毒液腐蚀,5,1,50,25,95,none,用毒液腐蚀对手[ENDL]对手中毒时威力4倍
10082,血液吞噬,5,2,100,25,95,none,吸取对手流下的血液[ENDL]对手流血时触发焦点腐蚀效果
10083,尾针,5,1,60,5,95,none,用尖锐的尾针蜇伤对手
10084,蜂纹之刻,5,2,70,10,95,ref_buff=3279,用尖锐的尾针蜇伤对手并刻上1层[ffbb33]【蜂纹】[-]
10085,剧毒蜂针,5,2,75,15,95,ref_buff=1003,用剧毒的尾针蜇伤对手[ENDL]50%使对手[ffbb33]【中毒】[-]3回合
10086,麻痹蜂针,5,2,80,15,95,ref_buff=104,用剧毒的尾针蜇伤对手[ENDL]消耗1层蜂纹使对手[ffbb33]【麻痹】[-]5回合
10087,群蜂集结,5,0,0,10,100,none,提升自身的特攻[ENDL]消耗1层蜂纹改为提升速度
10088,蜂纹腐蚀,5,1,75,15,95,none,消耗所有蜂纹恢复自身[ENDL]每1层蜂纹恢复自身60点体力
10089,巨大蜂刺,0,1,100,20,95,none,用巨大的蜂刺蜇伤对手[ENDL]消耗1层蜂纹附带50点固定伤害
10090,青蜂之触,5,1,95,20,95,none,汲取对手的生命力转换为自身的生命力[ENDL]恢复造成伤害1/4的体力
10091,青蜂夺命刺,5,100,165,100,100,ref_buff=3279,发现对手的要害后无情蜇杀并刻上1层[ffbb33]【蜂纹】[-]
10092,蜂纹旋舞,5,1,30,25,95,none,在短时间内快速蜇伤对手3次[ENDL]消耗所有蜂纹，每1层蜂纹使连击数+1
10093,青蜂之舞,5,0,0,20,100,ref_buff=3280,施展高速幻影之舞[ENDL]使自身获得[ffbb33]【青蜂之舞】[-]3回合
10094,青蜂之刻,5,1,90,20,95,none,用尖锐的尾针蜇伤对手[ENDL]对手已有蜂纹时使其增加到3层
10095,倾巢而出,5,2,10,30,1100,none,发出蜂鸣并号召大量蜂群倾巢而出攻击对手[ENDL]必中。连击9~15次
10096,海啸旋风,2,2,60,5,95,none,刮起海啸形成旋风
10097,剑舞,0,0,0,10,100,none,激烈地跳起战舞提升气势[ENDL]提升自身的物攻
10098,龙之牙,16,1,65,10,95,none,用龙之牙啃咬对手[ENDL]属性相克系数不会低于1
10099,排山倒海,2,1,75,15,95,none,以排山倒海的攻势袭向对手[ENDL]对手体力低于1/2时威力2倍
10100,玩水,2,0,0,15,100,ref_buff=3011,用水把周围弄得湿答答[ENDL]使自身获得[ffbb33]【玩水】[-]5回合
10101,水流喷射,2,2,55,15,95,priority=1,利用水流喷射对手
10102,漩涡,2,0,0,20,85,ref_buff=1002,将对手困在激烈的水流漩涡中[ENDL]使对手[ffbb33]【冻伤】[-]3回合
10103,白雾,9,0,0,20,100,none,用白雾覆盖身体[ENDL]解除自身的能力下降，且5回合內免疫能力下降
10104,浪打千击,2,1,20,25,95,none,掀起巨浪不断击打对手[ENDL]连击5~8次。上回合使用龙系技能则会使连击数+2
10105,随风逐浪,2,0,0,20,100,none,随着风浪一同起舞[ENDL]提升自身的特攻和特防[ENDL]雨天环境下额外提升速度
10106,惊涛骇浪,2,2,135,35,95,none,召唤惊涛骇浪[ENDL]雨天环境下恢复自身20点怒气
10107,湍流龙击打,2,100,170,100,1100,none,借着湍流如同蛟龙一般击打对手[ENDL]必中。上回合使用龙系技能则会使威力增加40
10108,巨龙之击,16,1,85,15,95,none,巨龙的愤怒一击[ENDL]属性相克系数不会低于1
10109,水天一色,2,0,0,20,100,none,召唤大雨降临[ENDL]使环境转换为雨天
10110,虚张声势,0,0,0,25,85,ref_buff=113,让对手愤怒并陷入混乱[ENDL]提升对手的物攻，并使其[ffbb33]【混乱】[-]
10111,克制,0,1,0,20,95,priority=-6,给对手2倍的反击
10112,抓,0,1,40,0,95,none,用坚硬且无比锋利的爪子抓对手进行攻击
10113,折磨,0,0,0,10,100,none,折磨对手降低对手的物防
10114,烧尽,3,2,65,10,95,none,对手燃烧时附带65点固定伤害
10115,灵绝击,0,1,80,15,95,none,轻巧的攻击对手[ENDL]自身体力低于1/2时威力2倍
10116,压迫,0,0,0,20,100,none,压迫对手降低对手的物攻和特攻
10117,音速火拳,3,1,55,15,95,priority=1,以迅雷不及掩耳之势出拳
10118,火焰漩涡,3,0,0,20,85,ref_buff=1001,将对手困在熊熊燃烧的火焰漩涡中[ENDL]使对手[ffbb33]【烧伤】[-]3回合
10119,火焰车,3,1,95,20,95,critical=35,用火焰围绕身体，猛撞对手进行攻击
10120,冥想,10,0,0,20,100,none,屏气凝神提升自身的物攻和特攻
10121,全力一击,0,1,120,25,1100,critical=35,使用全力一击攻击对手[ENDL]必中
10122,烈焰冲撞,3,2,125,15,95,none,将火焰围绕全身后猛撞对手[ENDL]造成伤害的1/4会反弹给自己
10123,绝命火焰,3,100,175,100,1100,none,极低概率爆发潜能使出足以致命的火焰[ENDL]必中。5%秒杀对手
10124,觉醒,0,0,0,20,100,none,觉醒自身的力量[ENDL]使自身的暴击率增加15%，且暴击伤害增加35%
10125,挑衅,0,0,0,15,100,none,激怒对手使其丧失理智[ENDL]恢复自身1/4体力并使对手怒气增加20
10126,魔焰裂空击,3,1,150,45,95,none,燃起魔焰撕裂空间[ENDL]5回合内自身的暴击率增加15%
10127,不灭之火,3,2,150,45,95,ref_buff=1013,永不熄灭的火焰[ENDL]使对手[ffbb33]【燃烧】[-]5回合
10128,叶片,1,2,60,5,95,none,发射叶片攻击对手
10129,缩头,0,0,0,10,100,none,缩头提升自身的物防
10130,吸收,0,0,0,20,100,none,获得可以吸收伤害的护盾[ENDL]护盾值为自身最大体力的1/4
10131,花瓣飞刀,1,2,75,15,95,critical=35,飞射花瓣，切斩对手进行攻击[ENDL]自身持有护盾时暴击率增加35%
10132,花粉,1,0,0,10,100,none,散播花粉降低对手25%暴击率
10133,疾风刃,1,1,55,15,95,priority=1,如同疾风一般快速攻击对手
10134,滕鞭,1,1,70,10,95,ref_buff=1008,将如同鞭子般弯曲而细长的藤蔓甩向对手进行攻击[ENDL]对手被花粉影响时使其获得1层[ffbb33]【慢性毒药】[-]
10135,攻破,0,1,90,15,95,ignore_shield=true,攻破对手的防御[ENDL]无视对手护盾类效果
10136,光合作用,1,0,0,20,100,none,进行光合作用[ENDL]恢复自身1/4体力[ENDL]晴天环境下额外回复1/8体力
10137,叶绿光束,1,2,100,25,95,none,凝聚叶绿素形成光束攻击对手[ENDL]清除对手能力强化
10138,金光绿叶,1,100,165,100,1100,none,使出大量发散金光的叶片攻击对手[ENDL]必中。3回合內每回合恢复10点怒气
10139,究极吸取,1,2,80,15,95,none,吸取对手的生命能量[ENDL]恢复造成伤害1/4的体力
10140,粉末击打,1,1,120,25,95,ref_buff=1008,散播大量花粉击打对手[ENDL]对手被花粉影响时使其获得2层[ffbb33]【慢性毒药】[-]
10141,花草护体,1,0,0,20,100,none,利用花草保护身体增加物防和特防[ENDL]晴天环境下额外提升自身25%暴击抵抗
10142,花草能量,1,0,0,10,100,none,引导体内的花草能量提升自身的特攻[ENDL]晴天环境下额外增加15点怒气
10143,飞翼拍击,6,1,60,5,95,none,使用翅膀拍打对手进行攻击
10144,鸣叫,0,0,0,10,100,none,发出叫声降低对手的物攻
10145,燕返,6,1,75,10,95,none,如同燕子般折返攻击对手[ENDL]造成的伤害与上回合相同（连续使用无效）
10146,吹飞,4,0,0,10,100,none,吹飞对手降低对手的速度
10147,电光火石,7,1,55,15,95,priority=1,电光火石般的攻击对手
10148,千里追击,6,2,80,25,1100,none,即使疾行千里也要追击[ENDL]必中。使下一次技能必中。
10149,原始突进,0,2,95,25,95,none,用原始的方式突进对手[ENDL]附加自身当前体力1/5的固定伤害
10150,猛禽,6,1,120,35,95,none,化身成凶猛的禽类进行攻击[ENDL]自身每损失5点体力使威力增加1点，最高增加80点
10151,挥翼飘舞,6,100,165,100,100,none,挥动翅膀在空中起舞[ENDL]闪避下一次攻击
10152,峰回路转,0,1,0,20,95,none,随机使用技能（必杀技除外）
10153,红韵,6,0,0,35,100,none,提升自身的物攻、物防、特防
10154,三叶草,1,2,20,5,95,none,发射3枚叶片攻击对手
10155,叶片保护,1,0,0,10,100,none,将草叶包围自身来提升物防
10156,葵花种子,1,2,65,10,95,ref_buff=3025,在对手体内种下[ffbb33]【葵花种子】[-]
10157,滚动追击,1,1,30,15,95,none,卷成一团撞向对手[ENDL]连击3次。通过种子使连击数+1
10158,愈合,1,0,0,20,100,none,愈合自身的伤口[ENDL]恢复自身1/4体力
10159,滚动突破,0,1,90,15,95,ignore_shield=true,卷成一团突破对手防线[ENDL]无视对手护盾类效果
10160,虚弱,0,0,0,20,100,none,使对手虚弱降低物防和特防
10161,无力草,1,2,70,15,95,ref_buff=3026,在对手体内种下5回合[ffbb33]【无力草】[-]
10162,吸收草,1,0,0,25,100,none,吸收对手下一次的攻击伤害
10163,滚动针刺,1,1,100,15,80,none,卷成一团冲击对手[ENDL]通过种子达到必中
10164,解毒草,1,0,0,15,100,none,用解毒草解除自身的不良效果
10165,七叶夺命,1,100,25,100,100,none,飞出七枚叶片猛毒的攻击对手[ENDL]连击7次
10166,毒草,1,0,0,20,85,ref_buff=1003,使用毒草使对手[ffbb33]【中毒】[-]3回合
10167,放晴,1,0,0,20,100,none,使天气放晴[ENDL]使环境转换为晴天
10168,毒化,1,0,0,10,100,none,释放剧毒使[ffbb33]【中毒】[-]延长2回合
10169,强化冲击,1,1,110,15,70,none,强化自身的叶片冲撞对手[ENDL]连续使用命中率增加25%
10170,软糖,0,1,55,0,95,none,清除对手攻击类强化
10171,冰激凌,0,1,55,0,95,none,清除对手速度类强化
10172,巧克力,0,1,55,0,95,none,清除对手防御类强化
10173,爱的名义,10,2,65,10,1100,ref_buff=3028,以爱的名义向对手发起进攻[ENDL]必中。获得[ffbb33]【爱的名义】[-]状态
10174,勇气,0,0,0,10,100,none,为自身赋予勇气来提升特攻[ENDL]以爱的名义额外提升物防
10175,心心相惜,10,2,75,15,95,none,用心心相惜的信念攻击对手[ENDL]以爱的名义使威力增加50
10176,誓言之约,10,0,0,20,100,none,约定誓言[ENDL]6回合后恢复所有体力[ENDL]以爱的名义立刻恢复125
10177,晓月之时,0,1,105,20,95,none,划过月光的攻击[ENDL]以爱的名义伤害不会低于100
10178,静养生息,0,0,0,0,100,none,静静修养生息[ENDL]5回合內每回合怒气增加15并恢复1/16体力
10179,绽放心扉,10,1,65,15,95,none,非常喜悦的心情绽放心扉[ENDL]以爱的名义先制+1
10180,永不分离,0,0,0,20,100,none,以永不分离的信念来抵御异常5回合
10181,永恒之光,10,2,115,25,95,none,放射出永恒的光芒[ENDL]以爱的名义3回合內每回合持续恢复1/12体力
10182,拂晓之刻,10,100,165,100,100,none,拂晓之刻降临[ENDL]恢复1/4体力
10183,心灵相通,10,0,0,25,100,none,通过心灵相通来预测对手的攻击并做出闪避
10184,心灵制约,10,0,0,0,100,none,通过心灵制约来消除对手20点怒气
10185,心灵转换,10,0,0,20,100,none,通过心灵转换来使自身的能力下降转换给对手
10186,心灵净化,10,0,0,15,100,none,通过心灵净化来清除自身的不良
10187,俯冲,0,1,60,5,95,none,由空中向对手俯冲过去
10188,腐蚀花粉,5,2,65,15,95,none,用特殊的花粉腐蚀对手1/8体力[ENDL]附加伤害最高不超过自身最大体力的1/8
10189,虚弱花粉,5,2,75,10,95,none,用特殊的花粉连续2次后降低对手的特防
10190,毒粉突袭,5,1,60,15,95,priority=1,全身包裹毒粉突袭对手造成伤害
10191,毒粉冲击,0,1,100,15,95,none,全身包裹毒粉冲击对手[ENDL]对手[ffbb33]【中毒】[-]时恢复自身10点怒气
10192,荧光花粉,5,2,80,15,95,none,用荧光的花粉使对手的命中率降低15%
10193,麻痹毒粉,5,2,75,20,95,ref_buff=104,用特殊的花粉使对手[ffbb33]【麻痹】[-]5回合[ENDL]若没有麻痹则50%提升特攻
10194,睡眠毒粉,5,2,75,20,95,ref_buff=106,用特殊的花粉使对手[ffbb33]【睡眠】[-]2回合[ENDL]若没有睡眠则50%提升速度
10195,幻蝶连击,5,1,40,15,95,none,幻彩蝶以快速身法连续攻击对手2~3次
10196,花粉弥漫,0,0,0,15,100,ref_buff=3034,使周围充满花粉使自身受到伤害逐渐降低[ENDL]使自身获得[ffbb33]【花粉弥漫】[-]
10197,幻灭蝶舞,5,100,165,100,100,none,以幻灭的蝶舞无情扑杀对手[ENDL]使[ffbb33]【中毒】[-]延长3回合
10198,腐蚀毒粉,5,2,75,25,95,none,用特殊的花粉腐蚀对手1/6体力[ENDL]附加伤害最高不超过自身最大体力的1/6
10199,虚弱毒粉,5,1,85,15,95,ref_buff=1003,用特殊的毒粉连续2次后使对手[ffbb33]【中毒】[-]3回合
10200,幻蝶毒杀,5,2,85,20,95,none,幻彩蝶以花粉剧毒扑杀对手[ENDL]对手[ffbb33]【睡眠】[-]或[ffbb33]【麻痹】[-]时威力2倍
10201,幻蝶迷舞,0,0,0,25,85,ref_buff=106,以幻彩蝶特有的姿势催眠对手[ENDL]使对手[ffbb33]【睡眠】[-]2回合
10202,永恒极光,10,2,125,30,95,none,放射出永恒的极光[ENDL]3回合內击败对手则恢复200点体力
10203,幻影强化,0,0,0,10,100,none,分出晓晓和月月的幻影来提升物攻[ENDL]以爱的名义额外提升特防
10204,复活节,10,0,0,25,100,ref_buff=3017,激发爱的力量重新复活[ENDL]获得[ffbb33]【不屈】[-]状态
10205,拂晓痛击,10,1,135,35,1100,none,在拂晓之刻给予对手迎头痛击[ENDL]必中。以爱的名义先制+1
10206,银月打击,0,2,95,25,95,none,沐浴在银色月光下打击对手[ENDL]清除对手能力强化
10207,心眼,10,2,145,50,95,none,打开心眼来闪避对手当回合攻击
10208,致胜约束,10,2,75,20,1100,ref_buff=3036,在获得胜利之前会一直涌出源源不绝的能量[ENDL]必中。获得[ffbb33]【致胜约束】[-]2回合
10209,日月逆转,0,0,0,25,100,none,爱的力量甚至能翻转日月[ENDL]反转自身能力下降
10210,赤瞳月全食,0,100,200,100,100,none,引发月全食使环境转换为异空間
10211,坚强,0,0,0,10,100,none,使自身变的更坚强[ENDL]提升自身的物防
10212,森林祝福,1,2,65,10,95,ref_buff=3037,受到森林的祝福[ENDL]获得[ffbb33]【森林祝福】[-]状态
10213,扎根,1,0,0,20,100,none,扎根土地[ENDL]5回合内每回合恢复自身1/8体力
10214,缠绕,1,0,0,10,100,none,缠绕对手降低速度使之寸步难行
10215,森之源,1,1,85,20,95,none,调动森林源泉的力量[ENDL]自身受到[ffbb33]【森林祝福】[-]时，5回合内每回合恢复自身1/16体力
10216,森源之力,1,0,0,15,100,none,利用森源之力提升自身的物攻[ENDL]自身受到[ffbb33]【森林祝福】[-]时额外恢复30体力
10217,乱藤,1,1,95,20,95,none,用藤蔓击打对手[ENDL]自身受到[ffbb33]【森林祝福】[-]时附加40~60点固定伤害
10218,森林禁地,0,0,0,15,100,none,将对手引入禁地降低其特防[ENDL]自身受到[ffbb33]【森林祝福】[-]时额外恢复30体力
10219,绿荫,1,2,100,25,95,none,散乱的绿荫[ENDL]自身受到[ffbb33]【森林祝福】[-]时恢复造成伤害1/4的体力
10220,森林的呼唤,1,100,165,100,1100,none,响应森林的呼唤[ENDL]必中。使自身下一次受到的伤害不超过100
10221,圣森林赐福,1,2,80,15,1100,ref_buff=3037,受到森林的祝福。[ENDL]必中。获得[ffbb33]【森林祝福】[-]状态
10222,翡绿森林,1,0,0,20,100,none,利用翡绿森林掩蔽自己[ENDL]解除自身的不良，且5回合免疫不良
10223,绿辉,1,2,75,20,95,none,翠绿的光辉[ENDL]晴天时威力为2倍
10224,森之怒,1,1,80,25,95,none,森林发怒[ENDL]自身受到[ffbb33]【森林祝福】[-]时额外附加自身最大体力1/5的固定伤害
10225,头槌,0,1,40,0,95,none,用头槌攻击对手
10226,水枪,2,2,60,5,95,none,像水枪一样喷射出水柱
10227,凝聚,0,0,0,10,100,none,凝聚自身的力量提升特攻
10228,穿击波,2,2,65,10,95,none,射出可以穿击对手的水波[ENDL]连续命中威力增加30，最多叠加3次
10229,逆流,2,0,0,10,100,none,使水流逆转降低对手的速度
10230,致命水枪,2,2,70,10,95,none,射出极具威胁的水枪[ENDL]连续命中暴击率增加30%，最多叠加3次
10231,奋力头槌,0,1,80,15,95,critical=35&ignore_shield=true,用头槌奋力攻击对手[ENDL]无视对手护盾类效果
10232,水枪连波,2,2,50,10,95,none,连续射出水枪攻击[ENDL]连续命中连击数+1，最多叠加3次
10233,纯净水域,2,0,0,20,100,none,使水域变的清澈[ENDL]解除自身的能力下降，且5回合內免疫能力下降
10234,拼命头槌,0,1,120,15,95,none,用头槌与对手拼命，但自身也会受伤[ENDL]造成伤害的1/4会反弹给自己
10235,衰退,0,0,0,10,100,none,使对手的特攻衰退
10236,聚能水光炮,2,100,160,100,100,ref_buff=1006,凝聚自身的力量喷射出高强度的水炮[ENDL]使对手[ffbb33]【失明】[-]2回合
10237,穿透水炮,2,2,85,15,95,none,射出具有穿透力的水炮[ENDL]连续命中伤害增加50%，最多叠加3次
10238,浑浊水域,2,0,0,20,100,ref_buff=46,使水域变的浑浊[ENDL]使对手获得5回合[ffbb33]【浑浊】[-]状态
10239,临危一锤,0,1,120,10,25,none,危机关头的临危一锤[ENDL]自身体力低于1/4时必中
10240,虚弱水线,2,0,0,20,100,none,射出虚弱水线削弱对手的特攻和特防
10241,冲锋,0,1,40,0,95,none,向对手冲撞过去
10242,重击,0,1,60,5,95,none,给予对手重击
10243,变肥,0,0,0,10,100,ref_buff=3040,使自身变得更重[ENDL]获得1层[ffbb33]【增重】[-]
10244,体重压迫,0,1,50,15,95,none,用自身的体重压倒对手[ENDL]比对手重时威力2倍
10245,硬化脂肪,0,0,0,10,100,none,使自身的脂肪变硬提升物防
10246,脂肪护盾,0,0,0,20,100,none,用脂肪护盾抵御伤害[ENDL]护盾值为自身总体重
10247,欺凌弱小,0,1,60,15,95,none,以大欺小的攻击对手[ENDL]等级不低于对手时威力2倍
10248,恐吓,0,0,0,20,35,ref_buff=102,吓唬对手使其[ffbb33]【害怕】[-]2回合[ENDL]每1层[ffbb33]【增重】[-]使命中率增加25%
10249,威吓光波,0,2,70,15,95,none,放射出恐怖的光波[ENDL]对手[ffbb33]【害怕】[-]时威力2倍
10250,推倒,0,1,0,20,95,none,用力推倒对手[ENDL]造成自身总体重的固定伤害
10251,体重至上,0,1,60,15,95,none,以至高的体重压倒对手[ENDL]体重高于99时威力2倍
10252,超重量攻击,0,100,160,100,100,none,以超强的重量压垮对手[ENDL]比对手重时附加与对手的体重差值的伤害
10253,体重暴涨,0,0,0,20,100,ref_buff=3040,瞬间增加自身大量的体重[ENDL]获得2层[ffbb33]【增重】[-]
10254,脂肪燃烧,0,0,0,0,100,none,燃烧自身的脂肪来获得进攻能力[ENDL]失去2层[ffbb33]【增重】[-]并使下2回合必定暴击
10255,脂肪蒸汽,0,2,90,20,95,ref_buff=1005,散发脂肪的热量形成的蒸汽[ENDL]50%使对手[ffbb33]【恶心】[-]2回合
10256,弹性脂肪,0,0,0,0,100,none,用肥硕的身体抵消攻击[ENDL]失去2层[ffbb33]【增重】[-]并吸收对手下一次的攻击伤害
10257,树根巨锤,0,2,110,25,95,ref_buff=1004[30],使用小树根优质木材制作的巨锤攻击对手[ENDL]使对手[ffbb33]【流血】[-]3回合
10258,巨锤横扫,0,1,110,25,95,none,使用小树根优质木材制作的巨锤横扫对手[ENDL]40%弱化对手物防1级
10259,罗汉大坐,0,1,0,20,95,ignore_shield=true,无视对手护盾类效果[ENDL]造成自身总体重的固定伤害
10260,吓唬,0,0,0,15,85,ref_buff=102,吓唬对手使其[ffbb33]【害怕】[-]1回合（连续使用无效）
10261,流星巨锤,0,1,140,40,95,priority=1,使用流星巨锤攻击对手
10262,敲打,0,1,35,0,95,none,敲打对手
10263,根之刺,1,2,20,5,95,none,连续发射2~4枚根之刺
10264,树根硬化,1,0,0,15,100,ref_buff=15,硬化自身的树根[ENDL]使自身获得[ffbb33]【硬化】[-]5回合
10265,树体冲撞,1,1,65,15,95,none,用自身的身体冲撞对手[ENDL][ffbb33]【硬化】[-]时威力增加30
10266,衰弱,0,0,0,20,100,none,使对手的能力变弱降低其物攻和特防
10267,尖锐刺击,1,1,90,15,95,none,有手上的钻头刺击对手[ENDL][ffbb33]【硬化】[-]时威力增加30
10268,巨型根刺,1,2,80,15,95,none,发出巨大的根之刺攻击对手[ENDL][ffbb33]【硬化】[-]时消除对手特防强化
10269,树皮包扎,1,0,0,20,100,none,用树皮包扎伤口[ENDL]恢复1/6体力且3回合內每回合恢复1/12体力
10270,双锥穿刺,1,1,40,20,95,none,用手上的钻头刺击对手2次[ENDL][ffbb33]【硬化】[-]时威力增加30
10271,尖刺防御,1,0,0,20,100,none,用尖锐的钻头反弹一半的伤害[ENDL]最高不超过自身最大体力的一半
10272,锋利钻头,1,1,55,15,95,ref_buff=1004[30],用手部钻头使对手[ffbb33]【流血】[-]3回合
10273,千疮百孔,1,100,160,100,100,ref_buff=1004[30],疯狂的用钻头刺击对手使其[ffbb33]【流血】[-]3回合
10274,草木皆兵,1,2,100,20,1100,none,召唤许多小树根帮助攻击[ENDL]必中
10275,恶化伤口,1,0,0,15,100,none,恶化对手的伤口[ENDL]使[ffbb33]【流血】[-]伤害翻倍并延长1回合
10276,碎心刺,0,1,80,15,95,none,用尖刺穿击对手胸口[ENDL][ffbb33]【硬化】[-]时消除对手物防强化
10277,木叶旋风,1,2,105,20,95,none,冲向对手用木叶和旋风的力量攻击[ENDL]造成的伤害不低于100
10278,针刺,1,2,55,5,95,none,用针刺对手
10279,麦麦金针,1,2,65,10,95,ref_buff=3044,射出[ffbb33]【麦麦金针】[-]植入对手体内
10280,拔出金针,0,1,75,15,95,ref_buff=1004[30],拔出对手体内的[ffbb33]【麦麦金针】[-]使其[ffbb33]【流血】[-]3回合
10281,牵引金针,1,2,95,15,95,none,射出具有牵引效果的金针[ENDL]通过[ffbb33]【麦麦金针】[-]引导时必中
10282,金针外衣,1,0,0,15,100,none,用金针外衣反弹一半的物理伤害[ENDL]最高不超过自身最大体力的一半
10283,金针连发,1,1,40,20,95,none,连续发射3根金针攻击对手
10284,针灸,1,0,0,20,100,none,针灸自身来抵抗异常3回合
10285,针刺冲撞,1,1,95,15,95,ref_buff=3047,用针刺的身体冲撞对手[ENDL]使对手获得[ffbb33]【针刺冲撞】[-]
10286,巨型金针,1,2,120,25,95,none,射出巨大的金针[ENDL]通过[ffbb33]【麦麦金针】[-]引导时必中
10287,金针乱舞,1,100,160,100,100,ref_buff=1004[30],无数金针在对手周围飞舞使其[ffbb33]【流血】[-]3回合
10288,最佳助攻,0,1,75,15,95,none,协助伙伴发起有效的助攻[ENDL]替换上场第一次使用威力2倍
10289,收回金针,0,1,95,15,95,none,收回对手体内的[ffbb33]【麦麦金针】[-][ENDL]3回合內每回合恢复自身1/12体力
10290,麦迪金针,1,2,75,15,95,ref_buff=3045,与[ffbb33]【麦麦金针】[-]融合成[ffbb33]【麦迪金针】[-]
10291,金针粉末,1,0,0,15,100,ref_buff=3046,使对手体内的[ffbb33]【麦迪金针】[-]变成[ffbb33]【金针粉末】[-]
10292,无量金针,1,1,40,20,95,ref_buff=3045,连续发射3根金针攻击对手并与[ffbb33]【麦麦金针】[-]融合成[ffbb33]【麦迪金针】[-]
10293,金针护甲,1,0,0,20,100,none,用金针护甲反弹全部的物理伤害[ENDL]最高不超过自身最大体力
10294,麦麦籽守护,1,0,0,20,100,none,用麦麦籽守护自己提升特攻和特防
10295,麦迪迅影箭,1,2,90,15,95,none,消耗对手身上的[ffbb33]【麦迪金针】[-]并造成暴击
10296,寄生麦籽,1,0,0,20,100,ref_buff=1007,降低对手的物防并使其被[ffbb33]【寄生】[-]5回合
10297,毒刺,1,2,55,5,95,none,用毒刺攻击对手
10298,退化液,1,0,0,10,100,none,向对手喷洒退化液降低其物攻
10299,慢性毒药,1,2,65,10,95,ref_buff=1008,使对手获得1层[ffbb33]【慢性毒药】[-]
10300,古罗合击,0,1,45,15,95,none,进行合作2连击
10301,毒叶,1,2,80,15,95,ref_buff=1008,用毒叶攻击对手[ENDL]使对手获得2层[ffbb33]【慢性毒药】[-]
10302,毒疗,1,0,0,15,100,none,用毒疗来治愈自身[ENDL]恢复120体力
10303,毒之鞭,1,2,90,15,95,none,用毒鞭抽打对手[ENDL]对手具有[ffbb33]【慢性毒药】[-]时威力增加30
10304,疯狂挥打,0,1,100,20,95,none,40%弱化对手物防1级
10305,毒针入骨,1,0,0,20,100,none,将毒针打入对手体内降低其物防和特防
10306,剧毒液体,1,2,100,25,95,ref_buff=1008,放射含有剧毒的液体[ENDL]使对手获得3层[ffbb33]【慢性毒药】[-]
10307,毒气攻心,1,100,165,100,100,ref_buff=1008,释放大量毒气攻击对手[ENDL]使对手获得5层慢性毒药[ffbb33]【慢性毒药】[-]
10308,以毒攻毒,1,0,0,20,100,none,以毒攻毒解除自身的中毒并恢复1/4体力
10309,速效毒药,1,2,100,20,95,none,以速效毒药瞬间击溃对手[ENDL]每1层[ffbb33]【慢性毒药】[-]使威力增加10
10310,垂死针扎,0,1,75,10,95,none,做出垂死针扎的攻击[ENDL]体力低于1/4时威力2倍
10311,剧毒身体,1,0,0,15,95,ref_buff=1003,使自身的身体带有剧毒[ENDL]3回合內受到攻击时50%使对手[ffbb33]【中毒】[-]3回合
10312,幻魅之眼,10,0,0,20,35,ref_buff=101,睁开空冥的幻魅之眼让对手心驰神往[ENDL]使对手被[ffbb33]【魅惑】[-]2回合
10313,星徽之怒,12,1,100,20,95,none,对抵抗自然异常的不恭者燃气星徽怒火[ENDL]对手免疫异常状态时威力翻倍
10314,圣光惩戒,12,2,75,20,95,none,以圣光惩戒对手[ENDL]清除对手能力强化
10315,流星雨,12,2,110,25,1100,none,改变流星运行轨道，形成强大的流星雨攻击对手[ENDL]必中。使环境转换为星移
10316,∑·首,12,100,175,100,1100,none,必中。清除对手的回合类[ffbb33]【免疫异常】[-]状态
10317,快攻,0,1,45,0,95,priority=1,以快速的身法攻击对手
10318,雷电,7,2,60,5,95,none,以慑人的雷电攻击对手
10319,聚雷,7,0,0,10,100,none,用雷电加强自身提升特攻
10320,闪电打击,7,1,35,15,95,ref_buff=104,快速并准确的对对手造成2~3次攻击[ENDL]30%几率使对手[ffbb33]【麻痹】[-]5回合
10321,雷光闪,7,2,70,15,95,none,用雷电痛击对手[ENDL]对手[ffbb33]【麻痹】[-]时威力2倍
10322,雷光球,7,2,80,15,95,none,用雷电的光球痛击对手[ENDL]50%几率降低对手的特防
10323,蓄电,7,0,0,10,100,none,用蓄电提升自身电能[ENDL]2回合使自身电系技能伤害增加70%
10324,天雷击,7,2,40,20,95,ref_buff=105,以落雷对对手造成2~3次攻击[ENDL]30%几率使对手[ffbb33]【昏迷】[-]2回合
10325,闪电守护,7,0,0,15,100,none,用闪电盾保护自身[ENDL]获得吸收150点伤害的护盾
10326,闪电之链,7,2,75,10,95,ref_buff=105,以闪电形成的锁链攻击对手[ENDL]50%几率使[ffbb33]【麻痹】[-]的对手[ffbb33]【昏迷】[-]2回合
10327,闪电重击,0,1,110,15,95,none,以闪电重重打击对手[ENDL]对手[ffbb33]【麻痹】[-]时必中
10328,电闪雷鸣,7,100,45,100,1100,none,召唤3次雷电攻击让敌人无法可逃[ENDL]必中。使[ffbb33]【麻痹】[-]的对手[ffbb33]【昏迷】[-]2回合[ENDL][ENDL][ffbb33]【昏迷】[-]：昏迷中，无法行动
10329,闪电烙印,7,2,85,15,95,ref_buff=104,以雷电给对手刻下烙印[ENDL]30%几率使对手[ffbb33]【麻痹】[-]5回合[ENDL]连续使用提升到60%
10330,闪电冲击,7,1,75,20,95,priority=1,以闪电冲击贯穿对手[ENDL]50%几率提升自身的速度
10331,电光冲击,7,1,80,15,95,none,以关注电气的身体贯穿对手[ENDL]对手[ffbb33]【麻痹】[-]时威力2倍
10332,天雷降临,7,2,75,25,95,none,天降之雷毁灭对手[ENDL]对手[ffbb33]【麻痹】[-]时威力2倍[ENDL]对手[ffbb33]【昏迷】[-]时威力2倍
10333,紫电光,7,2,70,15,95,none,释放紫电光攻击对手[ENDL]对手怒气高于50时先制+1
10334,紫电破,7,1,70,15,95,none,以紫电破攻击对手[ENDL]对手怒气低于50时先制+1
10335,紫光波,7,2,85,15,95,none,释放紫光波攻击对手[ENDL]对手怒气高于50时威力增加40
10336,紫光斩,7,1,85,15,95,none,释放紫电斩击对手[ENDL]对手怒气低于50时威力增加40
10337,紫电通体,7,0,0,20,100,none,提升自身的物攻和特防
10338,穿透电球,7,2,95,20,1100,ignore_shield=true,释放巨大的穿透电球[ENDL]必中。无视对手护盾类效果
10339,紫电冲击,7,1,95,20,95,ref_buff=104,释放紫电冲击对手[ENDL]40%几率使对手[ffbb33]【麻痹】[-]5回合
10340,紫电贯通,7,0,0,20,100,none,提升自身的特攻和物防
10341,紫电雷鸣枪,7,100,170,100,1100,ignore_shield=true,必中。无视对手护盾类效果
10342,绝电之枪,0,2,100,20,1100,none,去除紫电枪的电能[ENDL]必中。造成的伤害不低于100
10343,紫电连斩,7,1,50,30,95,none,以紫电连续斩击对手2次[ENDL]对手怒气低于50时连击数+1
10344,紫电绝光,7,2,100,25,95,none,释放紫电绝光[ENDL]对手怒气高于50时额外造成75点伤害
10345,星尘幻盾,12,0,0,10,100,ref_buff=3051,借助星之坚盾[ENDL]使自身获得[ffbb33]【星尘幻盾】[-]
10346,星尘裁决,12,2,70,15,95,none,释放记忆之尘的力量[ENDL]使技能伤害附加[ffbb33]【星尘幻盾】[-]储存的伤害值
10347,星徽强袭,12,1,85,15,95,none,强势借助星徽之力袭击对手[ENDL]20%强化自身物攻1级
10348,圣光审判,12,0,0,15,100,none,施展驱除自身弱化的星阵[ENDL]解除自身弱化
10349,∑·躯,12,100,175,100,1100,none,必中。恢复1/4体力
10350,攻势,2,0,0,10,100,none,直面对手展开攻击姿态[ENDL]特攻提升1级
10351,色彩凝聚,2,2,65,10,95,ref_buff=3052/3053,凝聚能量色彩[ENDL]使自身获得2个[ffbb33]【蓝色水球】[-]和1个[ffbb33]【红色水球】[-]
10352,蓝色浪花,2,2,75,15,95,none,激起蓝色浪花拍打对手[ENDL]消耗1个[ffbb33]【蓝色水球】[-]使威力增加40
10353,天蓝水脉,2,2,85,20,95,none,喷射天蓝水脉[ENDL]消耗2个[ffbb33]【蓝色水球】[-]附加40点伤害
10354,涟漪盾,2,0,0,15,100,ref_buff=3054,激起涟漪[ENDL]使自身获得[ffbb33]【涟漪盾】[-]5回合
10355,红色穿击,0,1,85,25,95,none,消耗1个[ffbb33]【红色水球】[-]使威力翻倍
10356,缓冲,2,0,0,10,100,none,使自身特防提升1级
10357,暗红脉冲,2,1,95,25,95,none,消耗1个[ffbb33]【红色水球】[-]附加80点伤害
10358,深源挤压,2,2,90,20,1100,none,必中。35%几率降低对手物防1级
10359,激进,2,0,0,10,100,none,使对手物防下降1级
10360,深源震荡波,2,100,170,100,100,none,来自深渊的剧烈震荡[ENDL]使自身物攻提升1级
10361,唤雨,2,0,0,20,100,none,召唤大雨降临[ENDL]使环境转换为雨天
10362,深红震荡,2,1,105,25,95,none,消耗1个[ffbb33]【红色水球】[-]使技能先制+1
10363,深蓝巨浪,2,2,95,25,95,none,消耗1个[ffbb33]【蓝色水球】[-]恢复自身1/6体力
10364,贯穿冲击,2,1,95,20,95,ignore_powerup=true,无视对手防御类能力强化效果
10365,星刃解封,12,0,0,10,100,ref_buff=55,解封观星者的星之利刃[ENDL]使自身获得[ffbb33]【星刃解封】[-]
10366,星刃斩,12,1,100,15,95,none,用锋利的星刃斩击对手，使对手受到极大的创伤[ENDL]20%强化自身物防1级
10367,极光星刃,12,1,75,20,95,priority=2,像极光一样瞬间袭击对手
10368,星辰,12,1,70,15,95,none,使自身恢复造成伤害1/6的怒气[ENDL]恢复的怒气不低于15
10369,∑·臂,12,100,175,100,1100,none,必中。造成的伤害不低于200
10370,星陨巨踏,12,1,85,25,95,none,用陨星般的速度向对手踩踏过去[ENDL]75%强化自身物攻1级
10371,星陨血踏,12,1,120,20,95,none,承载着陨星般的巨大能量冲击对手
10372,星辰之印,12,2,85,25,95,none,高速的星辰袭向对手并留下烙印[ENDL]75%强化自身特攻1级
10373,星辰血印,12,2,120,20,95,none,承载着星辰的巨大能量冲击对手
10374,∑·足,12,100,175,100,1100,none,必中。无视对手25%双防值
10375,光弹,13,2,60,5,95,none,发射光弹攻击对手
10376,光之泉,13,0,0,25,100,none,通过光之泉恢复自身1/4体力并解除自身的能力下降
10377,光武神通,13,1,75,15,95,ref_buff=3055,展现光武神通的能力[ENDL]使自身获得[ffbb33]【光武神通】[-]
10378,神通传达,0,1,90,20,95,none,通过神通传达伤害[ENDL]若此次造成的伤害高于100则增加15怒气
10379,光速,13,0,0,10,100,none,发挥光的特性来提升自身的速度
10380,光武灵通,13,2,75,15,95,ref_buff=3056,展现光武灵通的能力[ENDL]使自身获得[ffbb33]【光武灵通】[-]
10381,光烈冲,13,1,90,20,95,none,聚集光能冲击对手[ENDL]附加50点固定伤害
10382,神光护体,13,0,0,20,100,none,用神光保护自身免受异常的影响5回合
10383,灵通传达,0,2,90,20,95,ref_buff=3057,通过灵通传达伤害[ENDL]使对手获得[ffbb33]【灵通传达】[-]
10384,光之力,13,0,0,20,100,none,发挥光之力来提升自身的物攻和特攻
10385,光源弹,13,2,90,20,95,none,发射光源弹攻击对手[ENDL]附加50点固定伤害
10386,光武神灵通,13,100,170,100,95,none,光武神灵的绝技[ENDL]吸取对手10点怒气
10387,神光烈冲,13,1,105,25,95,none,聚集更强光能冲击对手[ENDL]附加55点固定伤害
10388,神光源弹,13,2,105,25,95,none,发射更强光源弹攻击对手[ENDL]附加55点固定伤害
10389,光速烈冲,13,1,55,15,95,priority=1,以光的速度冲击对手[ENDL]击败对手时恢复自身1/8体力
10390,光速飞弹,13,2,55,15,95,priority=1,以光的速度发射飞弹[ENDL]击败对手时恢复自身1/8体力
10391,圣光神武,13,1,100,25,95,none,展现圣光神武的能力[ENDL]附加自身已损失体力1/4的伤害
10392,圣光光耀,13,0,0,20,100,ref_buff=1006,使自身双攻各强化1级[ENDL]40%概率使对手[ffbb33]【失明】[-]2回合
10393,圣光灵护,13,2,100,25,95,none,展现圣光灵护的能力[ENDL]恢复自身已损失体力1/4的体力
10394,灼光辐射,13,0,0,20,100,none,弱化对手双防1级[ENDL]晴天环境下额外弱化对手速度1级
10395,圣光喷泉,13,0,0,15,100,none,决定技能时清除自身异常状态，即使目前处于异常状态也可以发动[ENDL]恢复自身150点体力
10396,星辰回转,12,0,0,10,100,ref_buff=3058,使自身获得[ffbb33]【星辰回转】[-]3回合
10397,星屑,12,0,0,10,100,ref_buff=3059,星辰之屑粘附与对手[ENDL]使对手获得[ffbb33]【星屑】[-]3回合
10398,星辰之辉,12,2,100,20,1100,ref_buff=1004[50],释放出来万丈光辉[ENDL]使对手[ffbb33]【流血】[-]1回合
10399,星文,12,0,0,30,100,none,恢复自身1/3体力
10400,∑·背,12,100,175,100,1100,none,必中。弱化双方双防2级
10401,喷水,2,2,60,5,95,none,喷出少量水攻击对手
10402,锋利,0,0,0,10,100,none,使自身的攻击更加凌厉以提升物攻
10403,全力冲撞,0,1,90,10,95,none,用尽全力的冲撞[ENDL]连续使用时威力减少10
10404,星之尾,0,1,70,10,95,ignore_shield=true,用星之尾神奇的力量穿透对手的护盾
10405,硬甲冲顶,0,1,95,15,95,none,用头冲顶对手[ENDL]连续使用时损失自身30点体力
10406,喷射水柱,2,2,60,15,95,priority=1,快速的将水柱从孔中喷出
10407,威慑,0,0,0,25,85,ref_buff=102,威慑对手使其[ffbb33]【害怕】[-]2回合
10408,双星之尾,0,1,50,15,95,ignore_shield=true,用二条星之尾攻击并穿透对手的护盾
10409,疯狂连冲,0,1,40,20,90,none,连击3次[ENDL]连续使用时连击数-1
10410,搏命一击,0,1,120,15,95,none,最后关头的搏命一击但自身也会受伤[ENDL]造成伤害的1/4会反弹给自己
10411,怒海连涛,2,100,30,100,1100,none,必中。连击5~6次
10412,踏浪冲击,2,1,125,20,95,none,踏着海浪冲击对手[ENDL]连续使用时伤害减少10%
10413,星之力,0,0,0,15,100,ref_buff=3060,发挥尾部星之力的能量
10414,撕碎,0,0,0,20,100,none,撕碎对手使其物防和特防下降
10415,永不言败,0,0,0,25,100,none,永不服输的精神使自身恢复1/4体力并解除能力下降
10416,海浪,2,2,60,5,95,none,掀起海浪拍打对手
10417,水纹震击,2,1,60,10,95,ref_buff=3061,用[ffbb33]【水纹】[-]震击对手
10418,坚固,0,0,0,10,100,none,使自身变的更坚固以提升物防
10419,海浪震击,2,1,70,10,95,none,海浪般的打击对手[ENDL]运用[ffbb33]【水纹】[-]使致命率增加50%
10420,水纹屏障,2,0,0,15,100,ref_buff=31/3062,开启[ffbb33]【水纹屏障】[-][ENDL]护盾值为自身最大体力的1/4
10421,渗透震击,2,1,80,15,95,none,向对手进行渗透攻击[ENDL]运用[ffbb33]【水纹】[-]使致命率增加70%
10422,蓄水炮,2,2,90,20,95,ref_buff=1000,50%使对手[ffbb33]【溺水】[-]
10423,瀑布震击,2,1,90,15,95,none,瀑布倾下般得攻击对手[ENDL]运用[ffbb33]【水纹】[-]使致命率增加100%
10424,反射水盾,2,0,0,15,100,priority=1&ref_buff=3063,制造一个可以反射伤害的[ffbb33]【水盾】[-]5回合
10425,充能激撞波,2,100,165,100,100,none,弱化对手物攻1级
10426,压制,0,1,0,20,95,priority=-6,给对手2倍的反击
10427,急水川流,2,2,110,25,95,ref_buff=1000,召唤川流攻击对手[ENDL]50%使对手[ffbb33]【溺水】[-]
10428,漩涡冲击,2,1,105,30,95,ref_buff=3064,50%使对手[ffbb33]【眩晕】[-]5回合
10429,水龙腾出,2,1,95,20,95,ref_buff=3065,使对手获得[ffbb33]【水龙缠绕】[-]
10430,源海强化,2,0,0,35,100,none,使自身物攻和双防各强化1级
10431,源海清理,2,2,85,25,95,none,清除对手能力强化
10432,水纹巨炮,2,1,130,35,1100,ref_buff=1000,必中。50%使对手[ffbb33]【溺水】[-]
10433,星辰变幻,12,0,0,20,100,ref_buff=114,使对手[ffbb33]【沉默】[-]5回合
10434,星辰破灭,12,2,100,25,1100,ref_buff=1004[50],必中。攻击伤害不低于150并使对手[ffbb33]【流血】[-]1回合
10435,星系,12,2,85,25,95,none,75%强化自身速度1级
10436,星系血冲,12,2,120,20,95,none,承载着星系的巨大能量冲击对手
10437,∑·心,12,100,175,100,1100,ref_buff=25/26,必中。吸收本回合受到的所有物攻和特攻伤害
10438,风驰电掣,0,1,70,15,95,priority=2,风驰电掣般的进攻
10439,闪光击,7,1,60,15,95,priority=1,一闪而过的攻击
10440,充电,7,0,0,15,100,ref_buff=3066,给自身[ffbb33]【充电】[-]
10441,惊雷切,7,1,75,15,95,none,惊动雷鸣的攻击[ENDL]自身体力低于1/2时威力2倍
10442,雷暴天,7,0,0,20,100,none,召唤雷暴使环境转变为雷暴天[ENDL]环境已经为雷暴天的时候弱化对方双防1级
10443,白光刃,0,1,95,20,95,critical=35,白光一闪
10444,雷祭,7,0,0,20,85,ref_buff=104,释放出能够使对手[ffbb33]【麻痹】[-]5回合的雷电
10445,光芒万丈,7,2,85,15,95,none,放出强光攻击对手的同时解除自身的能力下降
10446,电闪光,7,0,0,10,100,ref_buff=21,电闪光能够降低对手的速度并使其命中率下降15%
10447,极电千鸟,7,2,120,25,1100,ref_buff=104,释放极电千鸟攻击对手[ENDL]必中。25%几率[ffbb33]【麻痹】[-]对手5回合
10448,瞬雷天闪,7,1,150,45,95,ref_buff=104,使用强大的绝技瞬雷天闪攻击对手[ENDL]25%几率[ffbb33]【麻痹】[-]对手5回合
10449,末日雷电,7,2,140,40,95,ref_buff=104,聚集强大的雷电攻击对手[ENDL]对手[ffbb33]【麻痹】[-]时增加自身40怒气
10450,雷神天明闪,7,100,170,100,1100,none,必中。10%几率造成4倍伤害
10451,雷神觉醒,7,0,0,50,100,ref_buff=3067,提升物攻和速度并且持续爆涨怒气
10452,闪电斗气,7,0,0,20,100,none,召唤闪电斗气包裹全身以提升物防和特防
10453,极光刃,0,1,130,35,95,none,以极光刃来消除对手能力强化
10454,雷鸣炎破斩,0,100,270,100,1100,second_super=true,必中。和凯萨合体成凯伊[ENDL]变身后的技能会根据当前携带的技能变化
10455,毅力,0,0,0,10,100,none,凭借毅力提升自身的物攻
10456,流星拳,0,1,65,15,95,none,使出流星拳攻击对手[ENDL]50%几率多攻击1次
10457,绊倒,0,1,0,15,95,none,用脚绊倒对手以造成对手总体重的伤害
10458,后空翻,0,0,0,15,85,ref_buff=3069,后空翻躲避物理攻击，但自身受到特殊攻击伤害翻倍
10459,彗星拳,0,1,60,15,95,none,使出彗星拳攻击对手[ENDL]40%几率多攻击2次
10460,白光炮,0,2,100,15,95,ref_buff=102,5%使对手[ffbb33]【害怕】[-]2回合
10461,消弱,0,0,0,20,100,none,消弱对手的物防和特防
10462,紫光炮,0,2,110,20,95,ref_buff=102,5%使对手[ffbb33]【害怕】[-]2回合
10463,碎星拳,0,1,55,15,95,none,使出碎星拳攻击对手[ENDL]35%几率多攻击3次
10464,星辰粉碎拳,0,100,160,100,100,none,足以粉碎星辰的攻击并使[ffbb33]【星之辉】[-]的效果触发率提升10%
10465,螺旋光炮,0,2,120,25,95,none,5%使对手[ffbb33]【害怕】[-]2回合
10466,强行绊倒,0,1,75,20,95,none,强行的绊倒对手[ENDL]附帶对手总体重的伤害
10467,坠星拳,0,1,50,15,95,none,使出坠星拳攻击对手[ENDL]30%几率多攻击4次
10468,星之辉,0,0,0,15,100,ref_buff=3068[20],利用[ffbb33]【星之辉】[-]使技能效果触发率提升20%[ENDL]重复使用效果叠加10%
10469,火拳,3,1,65,10,1100,none,挥出火焰的拳击[ENDL]必中
10470,荒火,3,2,85,15,95,ignore_shield=true,用荒火烧尽[ENDL]对手被护盾类保护时穿透护盾且伤害翻倍
10471,骄傲,0,0,0,20,100,none,拥有异乎寻常的骄傲[ENDL]提升速度并解除不良
10472,炎戒,3,2,50,20,95,none,形成旋转的火柱[ENDL]自身处于不良时威力为4倍
10473,气合拳,0,1,100,20,1100,none,聚集气发出强力一击[ENDL]必中。体力低于1/2时附带50固定伤害
10474,炎火环绕,3,0,0,20,100,none,用炎火环绕自身[ENDL]提升特攻和特防
10475,瞬炎杀,3,2,60,15,95,priority=1,以极快的速度火烧对手
10476,气合闪,0,1,45,45,95,none,吞吐怒气将对手的怒气控制到与自身相同
10477,爆炎,3,2,90,20,95,critical=35,具有爆炸性的火焰
10478,绯炎斩,3,1,100,20,95,none,带有绯色火焰的攻击[ENDL]造成的伤害不低于100
10479,凯萨之炎,3,2,120,35,1100,ignore_powerup=true,以凯萨的名号之炎[ENDL]无视对手防御类能力强化效果
10480,绯红焦炎阵,3,2,140,40,95,none,绯红焦炎阵的精髓在于对手[ffbb33]【烧伤】[-]时可以恢复自身25怒气
10481,炎帝煌炎闪,3,100,170,100,1100,ref_buff=1001,凯萨自豪的绝技[ENDL]必中。使对手[ffbb33]【烧伤】[-]3回合
10482,真阳炎,3,2,80,20,95,none,攻击对手同时使环境效果转换为炎热
10483,乾坤之炎,3,0,0,25,100,none,扭转乾坤的火焰[ENDL]反转自身的能力下降
10484,炎帝的自尊,3,0,0,35,100,none,提升特攻和速度[ENDL]体力低于1/2时额外提升1级特攻
10485,雷鸣炎破斩,0,100,270,100,1100,second_super=true,必中。和雷伊合体成凯伊[ENDL]变身后的技能会根据当前携带的技能变化
10486,踢打,0,1,50,0,95,none,用力踢打对手
10487,绿光,1,2,65,5,95,none,放出绿色的光芒攻击对手
10488,精华,1,0,0,20,100,none,利用精华治愈以恢复1/4体力
10489,剥夺,0,1,70,10,95,ref_buff=3070,剥夺对手一部分进攻能力使其[ffbb33]【无力】[-]
10490,灵目之光,0,2,80,20,95,none,发出灵目之光额外造成65点固定伤害
10491,卸力,0,0,0,20,100,none,卸去对手的力量使其物攻和特攻下降
10492,生命通道,1,1,70,20,95,none,运用生命通道将对手1/8当前体力输送给自身[ENDL]最高不超过自身最大体力的1/8
10493,生命洪流,1,2,75,20,95,ref_buff=3071,生命[ffbb33]【洪流】[-]持续流淌3回合
10494,生命倒流,1,1,75,15,95,none,将生命倒流提升自身1/8体力最大值[ENDL]整场战斗只能发动一次
10495,纯净之叶,1,0,0,20,100,none,使用纯净的绿叶来清除自身的能力下降并恢复1/8体力
10496,生命激流,1,2,75,10,95,none,生命的激流[ENDL]自身体力小于1/2时恢复自身65体力并附加65伤害
10497,精华护体,1,0,0,20,100,ref_buff=3072,[ffbb33]【精华护体】[-]使自身前3回合受到物理伤害减半，后2回合受到特殊伤害减半
10498,天草降临,1,100,175,100,1100,none,将生命的结晶降临于世[ENDL]必中。恢复自身当前体力的一半
10499,生命复苏,1,0,0,40,100,ref_buff=3074,唤醒生命[ENDL]恢复自身1/4体力并使下一个出场精灵恢复1/4体力
10500,回归原点,1,0,0,40,100,none,回归生命的原点[ENDL]使双方各恢复1/2体力
10501,灵目,0,0,0,20,100,none,展现灵目的神力[ENDL]决定技能时与双方出手后清除自身异常状态[ENDL]免疫异常状态5回合
10502,神目,0,100,200,100,1100,none,精灵王之目的象征[ENDL]必中。造成的伤害不低于200
10503,光线攻击,13,2,60,5,95,none,用光线攻击对手
10504,高速姿态,0,0,0,10,100,none,进入高速姿态提升自身的速度
10505,光束反冲,13,2,75,10,95,none,用光束攻击对手[ENDL]若未命中或造成的伤害低于100则增加20怒气
10506,光箭攻击,13,2,100,20,95,none,用光箭攻击对手[ENDL]造成的伤害不会低于100
10507,光速突击,13,2,55,15,95,priority=1,以光速突击对手
10508,奋力突击,0,1,100,20,95,ref_buff=3001,向对手奋力的攻击[ENDL]使对手[ffbb33]【易伤】[-]
10509,光线穿透,13,2,95,20,95,ignore_shield=true,用光线穿透对手[ENDL]无视对手的护盾类效果
10510,光线锁定,13,0,0,20,100,ref_buff=3012,用光线锁定[ffbb33]【瞄准】[-]对手的同时提升自身的特攻
10511,光线冲撞,13,1,100,15,95,priority=-1,聚集光线后冲撞对手[ENDL]后出手时若造成的伤害低于100则50%概率强迫对手随机换场（对手剩下单精灵时无效）
10512,光束冲击,13,2,130,35,95,none,用光束冲击对手[ENDL]若造成的伤害低于200则提升特攻
10513,阳光普照,13,2,145,40,1100,none,放射出大范围的光芒使对手无从躲藏[ENDL]必中
10514,阿玛迪斯光,13,100,170,100,1100,ref_buff=1006,瞬间进化后放射出比太阳光强一万倍的光芒[ENDL]必中。使对手[ffbb33]【失明】[-]2回合
10515,光之盾,13,0,0,30,100,ref_buff=3076,释放[ffbb33]【光之盾】[-]吸收对手当回合伤害并使该技能失效
10516,小太阳,13,2,100,20,95,none,放出凝聚强大能量的小太阳[ENDL]若未命中或造成的伤害低于100则恢复自身1/4体力
10517,回旋光刃,13,2,50,20,95,none,放出2把回旋光刃攻击对手[ENDL]若造成的伤害低于100则连续使用威力2倍
10518,保护姿态,0,0,0,20,100,none,进入保护姿态提升自身的防御和特防
10519,喷火,3,2,55,5,95,none,喷出火焰攻击对手
10520,加热,3,0,0,10,100,none,用火焰加热提升特攻
10521,灼烧,3,2,60,10,95,ref_buff=1001,用火焰灼烧对手[ENDL]60%几率[ffbb33]【烧伤】[-]对手3回合
10522,溶解之炎,3,2,70,10,95,none,用高热的火焰溶解对手[ENDL]对手[ffbb33]【烧伤】[-]时威力2倍
10523,火焰冲撞,3,1,95,15,95,none,全身包裹火焰冲撞对手[ENDL]60%几率[ffbb33]【烧伤】[-]对手3回合
10524,双轨火炮,3,2,40,15,95,none,射出2发火焰弹[ENDL]对手[ffbb33]【烧伤】[-]时威力2倍
10525,烈焰之躯,3,0,0,15,100,none,使全身燃烧起来以免疫不良5回合
10526,火焰旋风,3,2,100,20,1100,none,掀起火焰的旋风[ENDL]必中
10527,密集扫射,3,2,30,20,95,none,集中火力密集发射3~5枚火球
10528,超大火球,3,2,110,25,95,ref_buff=1011,60%几率[ffbb33]【烫伤】[-]对手3回合
10529,熔岩爆裂,3,100,165,100,100,none,对手[ffbb33]【烧伤】[-]时附带60点固定伤害
10530,极速火弹,3,2,60,15,95,priority=1,快速的射出火弹攻击
10531,点燃,3,0,0,20,85,ref_buff=1001,点燃对手的身体使其[ffbb33]【烧伤】[-]3回合
10532,穿透火焰,3,2,95,20,95,ignore_shield=true,射出穿透一切的火焰[ENDL]无视对手的护盾类效果[ENDL]造成的伤害不会低于95
10533,愤怒之火,3,2,120,15,70,none,给对手造成毁灭性的攻击[ENDL]对手体力低于1/4时必中
10534,火球,3,2,55,5,95,none,射出火球攻击对手
10535,坚硬,0,0,0,10,100,none,使自身变的更坚硬提升物防
10536,撞晕,0,1,65,10,95,ref_buff=3064,把对手撞晕并使对手速度值减少50点
10537,大力钳,0,1,105,10,70,none,用钳子夹住对手[ENDL]对手[ffbb33]【眩晕】[-]时必中
10538,热力钳,3,1,95,10,70,none,用滚烫的钳子夹住对手[ENDL]对手[ffbb33]【眩晕】[-]时必中
10539,火球连射,3,2,40,15,95,none,连续发出2~3枚火球
10540,怪力钳,0,1,120,15,70,none,用出全力夹住对手[ENDL]对手[ffbb33]【眩晕】[-]时必中
10541,火焰钳,3,1,110,15,70,none,用带有火焰的钳子夹住对手[ENDL]对手[ffbb33]【眩晕】[-]时必中
10542,卷缩,0,0,0,25,100,ref_buff=33,卷缩身体抵挡攻击
10543,火焰吐息,3,2,100,20,95,none,造成的伤害不会低于100
10544,火焰杀阵,3,100,40,100,100,none,火焰杀阵会连击4次[ENDL]对手[ffbb33]【眩晕】[-]时附带60点固定伤害
10545,蓄力,0,0,0,15,100,none,积蓄力量使下一个技能伤害增加100%
10546,粉碎钳,0,1,135,20,70,none,用强有力的钳子来粉碎对手[ENDL]对手[ffbb33]【眩晕】[-]时必中
10547,熔岩钳,3,1,125,20,70,none,带有熔岩的钳子夹击对手[ENDL]对手[ffbb33]【眩晕】[-]时必中
10548,眩晕火球,3,2,75,15,95,ref_buff=3064,发出一个带有[ffbb33]【眩晕】[-]效果的火球
10549,滚烫冲击,3,1,65,10,95,none,用发烫的身体冲击对手[ENDL]使下一个特殊技能伤害增加50%
10550,高温火环,3,2,65,10,95,none,发出一个高热量的火环[ENDL]使下一个物理技能伤害增加50%
10551,巨力之爪,0,1,80,15,95,none,用巨大的爪子攻击对手[ENDL]使下一个特殊技能伤害增加35%
10552,蒸发,0,2,80,15,95,none,蒸发空气[ENDL]使下一个物理技能伤害增加35%
10553,怒吼,0,0,0,25,85,ref_buff=102,发出怒吼威慑对手使其[ffbb33]【害怕】[-]2回合
10554,熔岩穿刺,3,1,105,20,95,none,用熔岩之爪穿刺对手[ENDL]使下一个特殊技能伤害增加20%
10555,火山喷发,3,2,105,20,95,none,引起火山喷发[ENDL]使下一个物理技能伤害增加20%
10556,火山护甲,3,0,0,15,100,none,用火山熔岩包围自身以免疫不良5回合
10557,火山爆裂拳,3,100,170,100,100,critical=35,用火山喷发的威力攻击对手
10558,炎之爪,3,1,55,15,95,priority=1,用炎之爪攻击对手[ENDL]使下一个特殊技能伤害增加100%
10559,炎爆,3,2,55,15,95,priority=1,喷出巨大的炎爆[ENDL]使下一个物理技能伤害增加100%
10560,阳炎,3,0,0,20,100,none,温度瞬间提升使环境效果转换为炎热
10561,火山之力,3,0,0,20,100,none,用火山的力量强化自身来提升物攻和特攻
10562,熔岩爆炸,3,2,100,30,95,none,使下一个物理技能伤害增加100%
10563,熔岩包裹,3,1,100,30,95,none,使下一个特殊攻击伤害增加100%
10564,炽热怒吼,3,2,100,15,95,none,炎热环境下先制+1
10565,全身强化,3,0,0,20,100,none,使自身获得的能力强化效果翻倍5回合
10566,喷射岩浆,0,1,140,40,1100,ref_buff=1001,必中。炎热环境下50%使对手[ffbb33]【烧伤】[-]3回合
10567,冰糖,0,2,55,0,95,none,清除自身攻击类能力下降
10568,肉桂叶,0,2,55,0,95,none,清除自身速度类能力下降
10569,热牛奶,0,2,55,0,95,none,清除自身防御类能力下降
10570,星的指引,12,1,65,10,1100,ref_buff=3079,依照星的指引向对手发起进攻[ENDL]必中。获得[ffbb33]【星的指引】[-]状态
10571,许愿,0,0,0,10,100,none,向星辰许愿降低对手特攻[ENDL]以星的指引额外降低物防
10572,心星相印,12,1,75,15,95,ref_buff=3080,用心星相印的默契攻击对手[ENDL]以星的指引使对手当回合陷入弱化状态
10573,回归之约,12,0,0,20,100,none,纪录当前体力，下次使用时使体力回复至纪录值
10574,无星之夜,0,2,105,25,95,none,没有星星的夜晚[ENDL]消除对方能力强化
10575,月明星稀,0,0,0,15,100,none,提升自身速度1级并恢复自身1/8体力
10576,闪烁星光,12,2,65,15,95,none,闪烁星光照亮夜空[ENDL]以星的指引先制+1
10577,星坠预言,0,0,0,20,100,none,预言5回合后星辰坠落[ENDL]以星的指引减少2回合
10578,流星赶月,12,1,115,25,95,none,以流星赶月般的速度和对方相聚[ENDL]以星的指引附带自身速度值1/10的伤害
10579,黎明晨星,12,100,165,100,100,none,化为黎明的晨星消逝无踪[ENDL]使对手5回合无法恢复怒气（攻击命中与回合结束恢复的怒气除外）
10580,占卜,12,0,0,20,100,none,随机获得2个序号11到70之内的印记2回合
10581,反照,12,0,0,20,100,none,反射下一次攻击的一半伤害，最高不超过自身最大体力的一半
10582,摄动,12,0,0,20,100,none,5回合内自身的特质系技能转变为暗影系[ENDL]以星的指引使环境转变为夜幕
10583,迷踪,12,0,0,20,85,none,使对手当回合技能必中-2
10584,电火拳,0,1,70,10,1100,priority=2,风驰电掣般的挥出火焰的拳击[ENDL]必中
10585,闪光瞬炎杀,19,2,60,15,95,priority=1,以极快的速度一闪而过火烧对手
10586,充电气合闪,19,0,0,45,100,ref_buff=3016,吞吐怒气将对手的怒气控制到与自身相同并激发[ffbb33]【炎之意志】[-]
10587,惊雷气合拳,19,1,75,15,95,none,聚集气发出惊动雷鸣的攻击[ENDL]自身体力低于1/2时威力2倍并附带50固定伤害
10588,阳炎雷暴天,0,0,0,20,100,none,清除环境效果并弱化对方双防1级
10589,白光爆炎,19,2,95,20,95,critical=35,白光一闪使出具有爆炸性的火焰
10590,炎戒雷祭,19,0,0,20,85,ref_buff=104/1001,使对手[ffbb33]【麻痹】[-]5回合且[ffbb33]【烧伤】[-]3回合
10591,乾坤光芒,19,0,0,20,100,none,放出强光的同时反转自身的能力下降
10592,骄傲电闪光,19,0,0,20,100,ref_buff=21,异乎寻常的骄傲可以提升速度并解除不良[ENDL]电闪光能够降低对手的速度并使其命中率下降15%
10593,极电绯炎斩,7,2,120,20,1100,ref_buff=104,必中[ENDL]25%几率[ffbb33]【麻痹】[-]对手5回合[ENDL]造成的伤害不低于100
10594,瞬雷天火,19,1,150,45,95,ref_buff=104&ignore_shield=true,无视对手护盾类效果[ENDL]25%几率[ffbb33]【麻痹】[-]对手5回合
10595,末日焦炎阵,19,2,140,40,95,none,对手[ffbb33]【麻痹】[-]或[ffbb33]【烧伤】[-]时增加自身40怒气
10596,雷鸣炎破斩,19,100,170,100,1100,none,凯伊的最强绝技[ENDL]必中。5%秒杀对手
10597,凯伊觉醒,19,0,0,50,100,ref_buff=3067,提升双攻和速度并且持续爆涨怒气[ENDL]体力低于1/2时额外提升双攻1级
10598,炎火斗气,19,0,0,20,100,none,提升物防和特防1级
10599,极光炎刃,3,1,130,30,95,ignore_powerup=true,无视对手防御类能力强化效果[ENDL]消除对手能力强化
10600,电火拳,0,1,70,10,1100,priority=2,风驰电掣般的挥出火焰的拳击[ENDL]必中
10601,瞬雷天火,19,1,150,45,95,ref_buff=104&ignore_shield=true,无视对手护盾类效果[ENDL]25%几率[ffbb33]【麻痹】[-]对手5回合
10602,骄傲电闪光,19,0,0,20,100,ref_buff=21,异乎寻常的骄傲可以提升速度并解除不良[ENDL]电闪光能够降低对手的速度并使其命中率下降15%
10603,炎戒雷祭,19,0,0,20,85,ref_buff=104/1001,使对手[ffbb33]【麻痹】[-]5回合且[ffbb33]【烧伤】[-]3回合
10604,惊雷气合拳,19,1,75,15,95,none,聚集气发出惊动雷鸣的攻击[ENDL]自身体力低于1/2时威力2倍并附带50固定伤害
10605,炎火斗气,19,0,0,20,100,none,提升物防和特防1级
10606,闪光瞬炎杀,19,2,60,15,95,priority=1,以极快的速度一闪而过火烧对手
10607,充电气合闪,19,0,0,45,100,ref_buff=3016,吞吐怒气将对手的怒气控制到与自身相同并激发[ffbb33]【炎之意志】[-]
10608,白光爆炎,19,2,95,20,95,critical=35,白光一闪使出具有爆炸性的火焰
10609,极电绯炎斩,7,2,120,25,1100,ref_buff=104,必中[ENDL]25%几率[ffbb33]【麻痹】[-]对手5回合[ENDL]造成的伤害不低于100
10610,极光炎刃,3,1,130,35,95,ignore_powerup=true,无视对手防御类能力强化效果[ENDL]消除对手能力强化
10611,末日焦炎阵,19,2,140,40,95,none,对手[ffbb33]【麻痹】[-]或[ffbb33]【烧伤】[-]时增加自身40怒气
10612,雷鸣炎破斩,19,100,170,100,6100,none,凯伊的最强绝技[ENDL]必中。5%秒杀对手
10613,阳炎雷暴天,0,0,0,20,100,none,清除环境效果并弱化对方双防1级
10614,乾坤光芒,19,0,0,20,100,none,放出强光的同时反转自身的能力下降
10615,凯伊觉醒,19,0,0,50,100,ref_buff=3067,提升双攻和速度并且持续爆涨怒气[ENDL]体力低于1/2时额外提升双攻1级
10616,鞭挞,0,1,50,0,95,none,用触手鞭挞对手
10617,暗影气息,15,2,65,5,95,none,散发暗影气息令对手不适
10618,流注,15,0,0,10,100,none,注入暗影的魂流以提升物攻
10619,勾魂掠夺,15,2,70,15,95,ref_buff=3085,随机生成3到5枚[ffbb33]【影钩】[-]
10620,暗影陨落,15,1,70,15,95,none,使当前[ffbb33]【影钩】[-]翻倍
10621,镜像虹膜,0,0,0,20,100,none,复制对手能力强化[ENDL]消耗4枚[ffbb33]【影钩】[-]清除对手能力强化
10622,暗影追踪,15,1,75,30,95,none,随机使对手背包中的另1只精灵损失80体力
10623,邪宗护佑,15,0,0,20,100,none,每消耗1枚[ffbb33]【影钩】[-]恢复40体力
10624,恶念,15,0,0,45,100,none,使对手全能力各弱化1级
10625,黑暗魂魄,15,1,55,15,95,priority=1,对手每阵亡1只精灵使威力+10
10626,暗影磁场,15,1,100,20,95,none,[ffbb33]【影钩】[-]大于7枚时增加自身40怒气
10627,暗影裁决,15,2,120,35,95,none,[ffbb33]【影钩】[-]大于7枚时附加80点固定伤害
10628,暗影之矛,15,100,175,100,1100,none,必中。附加自身损失体力1/2的固定伤害
10629,深谙七星,15,2,30,25,95,none,每消耗1枚[ffbb33]【影钩】[-]使连击数+1[ENDL]最多消耗7枚
10630,绝望笼罩,15,1,120,35,95,none,使绝望笼罩对手[ENDL]对手[ffbb33]【恐惧】[-]时威力+40
10631,神经衰竭,0,0,0,20,100,ref_buff=3080,使对手陷入[ffbb33]【弱化状态】[-]5回合
10632,神影,0,100,200,100,95,none,精灵王之影的象征[ENDL]必中。造成的伤害不低于200
10633,虚弱水枪,2,1,65,10,95,none,射出虚弱效果的水枪[ENDL]25%弱化对手物防1级
10634,虚弱水泡,2,2,65,10,95,none,射出虚弱效果的水泡[ENDL]25%弱化对手特防1级
10635,光滑皮肤,0,0,0,25,85,ref_buff=3087,使皮肤变的[ffbb33]【光滑】[-]2回合
10636,踏浪冲锋,2,1,85,15,95,none,对手处于能力下降状态时伤害增加50%
10637,水墨,2,0,0,10,100,none,用水墨降低对手特防
10638,水花四溅,2,2,85,15,95,none,对手处于能力下降状态时伤害增加50%
10639,舞翼,2,2,65,15,95,priority=1,舞动自身的双翼
10640,旋转水枪,2,2,100,20,95,none,25%弱化对手特攻1级
10641,旋转冲锋,0,1,100,20,95,none,25%弱化对手物攻1级
10642,超流破,2,100,165,100,100,none,聚集周围水能攻击对手[ENDL]雨天环境下使对手[ffbb33]【溺水】[-]3回合
10643,聚能冲锋,0,1,140,15,50,none,40%弱化对手物攻1级[ENDL]雨天环境下必中
10644,聚水炮,2,2,130,15,50,none,40%弱化对手特攻1级[ENDL]雨天环境下必中
10645,浓缩水墨,2,0,0,20,100,none,用浓缩的水墨喷洒对手降低其物防和特防
10646,纯净之心,2,0,0,20,100,none,以纯净之心免疫异常5回合
10647,影袭,15,2,60,5,95,none,乘着阴影发起突击
10648,影化,15,0,0,10,100,none,影化自身的身体以提升自身速度
10649,影子剥夺,15,2,65,10,95,ref_buff=3089/3088,使对手获得[ffbb33]【无影】[-]5回合[ENDL]使自身获得1个[ffbb33]【影子】[-]
10650,影之触,15,1,85,15,95,none,消耗1个[ffbb33]【影子】[-]使伤害增加50%
10651,影环绕,15,0,0,15,100,none,影子环绕四周保护自身以提升自身的特防[ENDL]使自身获得1个[ffbb33]【影子】[-]
10652,影之禁锢,15,0,0,25,85,none,利用影子禁锢对手[ENDL]使对手[ffbb33]【禁锢】[-]2回合
10653,影子替身,15,0,0,15,100,none,利用影子替身抵挡对手伤害[ENDL]消耗2个[ffbb33]【影子】[-]以吸收下一次受到的伤害
10654,影子模仿,15,0,0,50,100,none,使自身变身为对手当前精灵的模样
10655,黑刃,0,1,80,15,95,priority=2,如影般的利刃
10656,飞散蝙蝠,15,2,40,20,95,none,利用影子做成蝙蝠连续攻击2~3次[ENDL]若连击数为2则补充自身1个[ffbb33]【影子】[-]
10657,角刀影,15,0,0,15,100,none,将影子化为利刃提升自身的物攻[ENDL]使自身获得1个[ffbb33]【影子】[-]
10658,影法师,15,100,170,100,100,none,化身影法师给对手造成伤害[ENDL]使对手物防下降1级
10659,聚影,15,0,0,10,100,none,集合四处飞散的影子[ENDL]随机获得1~3个影子
10660,吸血蝙蝠,15,2,115,25,95,none,利用影子做成一群蝙蝠攻击敌人[ENDL]造成伤害的1/4恢复自身的体力
10661,影之黑枪,15,1,90,20,95,none,利用影子化为长矛击杀对手[ENDL]消耗2个[ffbb33]【影子】[-]必定造成暴击
10662,影魔的逆袭,0,1,100,20,1100,none,必中。消耗6个[ffbb33]【影子】[-]使威力为4倍
10663,抽打,0,1,40,0,95,none,快速抽打对手
10664,墨汁泡,2,2,70,10,95,none,用墨汁阻挡对手的视线[ENDL]20%几率使其速度下降
10665,空气填充,0,0,0,15,100,none,为自身填充100空气值[ENDL]具有剩余空气值时提升自身1级速度
10666,空气泡,0,2,100,10,95,none,消耗10空气使用空气泡[ENDL]空气不足时伤害减少25%
10667,墨汁喷射,2,2,110,15,95,none,消耗15空气使用墨汁喷射[ENDL]空气不足时伤害减少25%
10668,高压水泡,2,2,130,20,95,none,消耗20空气使用高压水泡[ENDL]空气不足时伤害减少25%
10669,墨汁水域,2,0,0,10,100,none,将周围水域布满墨汁使其命中率减少15%
10670,连续抽打,0,1,40,20,95,none,用触手连续攻击3次
10671,空气护盾,0,0,0,0,100,none,消耗所有空气形成护盾[ENDL]每1点空气可抵挡2点伤害
10672,压缩凝聚炮,2,100,165,100,100,none,为自身填充100空气值
10673,高压空气,0,2,85,15,95,none,对手[ffbb33]【窒息】[-]时额外造成100点伤害
10674,窒息,0,0,0,25,85,ref_buff=108,抽干对手的空气使其[ffbb33]【窒息】[-]2回合
10675,螺旋水枪,2,2,140,20,95,none,消耗25空气使用螺旋水枪[ENDL]空气不足时伤害减少25%
10676,空气治愈,0,0,0,20,100,none,恢复自身1/8体力且每具有1点空气值额外恢复1点体力
10677,俯冲突击,6,1,60,10,95,none,从高空俯冲攻击对手
10678,羽突四式,6,1,75,15,95,ref_buff=3092,以高速突进配合左旋剑羽突击对手[ENDL]获得一层[ffbb33]【羽突式】[-]
10679,飞羽箭,6,2,35,15,95,none,用羽箭快速攻击3次
10680,羽刃突击,6,2,85,15,95,ref_buff=1004[30],用剑刃做成的旋风攻击对手使其[ffbb33]【流血】[-]3回合
10681,羽突八式,6,1,85,15,95,ref_buff=3092,以高速突进配合右旋剑羽突击对手[ENDL]获得一层[ffbb33]【羽突式】[-]
10682,羽刃甲胄,0,0,0,20,100,ref_buff=47,用羽刃炼成的甲胄提升物防并反弹对手的攻击
10683,羽刃斩,6,2,90,20,95,ignore_shield=true,用羽刃炼成的剑刃贯穿对手[ENDL]无视对手护盾类效果
10684,羽突十六式,6,1,95,20,95,ref_buff=3092,以突进配合翅膀和利爪上剑羽突击对手[ENDL]获得一层[ffbb33]【羽突式】[-]
10685,萨兰古尔剑,6,100,165,100,95,none,全身羽刃化为利剑攻击对手[ENDL]5回合內暴击率增加15%
10686,刚铎意志,0,0,0,20,100,none,感应刚铎的意志提升物攻及另一项随机能力
10687,羽突一式,6,1,65,15,95,none,自身物攻值高于500时先制+1
10688,羽突零式,6,1,100,20,95,none,自身物攻值高于500时必中
10689,羽突百八式,6,1,120,35,95,none,每一层[ffbb33]【羽突式】[-]额外附带35点伤害
10690,骨精,8,0,0,10,100,none,吸收骨之精髓使自身物防提升1级
10691,弹力棒骨,8,1,75,15,95,ref_buff=3093/3094,挥舞手中的棒骨[ENDL]使自身获得[ffbb33]【棒骨】[-]
10692,投掷棒骨,8,1,75,20,95,none,将手中的棒骨投向对手[ENDL]自身具有[ffbb33]【棒骨】[-]时威力增加40点
10693,符文巫骨,8,2,85,15,95,none,对着带有符文的棒骨念咒[ENDL]当自身具有[ffbb33]【巫骨】[-]时使对手物攻降低
10694,气血大骨,8,2,85,20,95,none,一口咬下一块棒骨补充自身的气血[ENDL]恢复自身初始物防值1/3的体力
10695,钉刺棒骨,8,1,90,20,95,ref_buff=1004[50],在棒骨上面增加铁钉攻击对手[ENDL]使对手[ffbb33]【流血】[-]3回合
10696,蓄能棒骨,8,1,95,20,95,ref_buff=3095,能够积蓄能量的棒骨[ENDL]获得一层[ffbb33]【骨甲】[-]
10697,棒骨铁锤,8,1,100,20,95,none,使用铁锤般的棒骨攻击对手并恢复造成伤害1/4的体力
10698,大骨棒,8,1,110,20,1100,none,挥舞大骨棒攻击对手[ENDL]必中
10699,迅龙骨,8,1,55,15,95,priority=1,投掷迅龙的骨头攻击对手
10700,暴甲龙锤骨,8,100,165,100,95,none,挥舞巨大的暴甲龙锤骨砸向对手[ENDL]若体力低于对手则造成伤害的1/5恢复体力
10701,白骨宝甲,8,0,0,20,100,none,强化自身的白骨宝甲[ENDL]使自身物防和特防提升
10702,充气棒骨,8,2,100,25,95,none,使用神奇的气力将棒骨吹大攻击对手[ENDL]造成伤害不低于自身初始物防值的1/3
10703,武装色棒骨,8,1,85,25,95,none,使自身的棒骨增加武装色[ENDL]附加自身初始物防值1/8的威力
10704,霸王色巫骨,8,1,100,20,95,none,使自身的巫骨增加霸王色[ENDL]自身具有[ffbb33]【巫骨】[-]时连击+1
10705,紫光,10,2,60,5,95,none,散发紫光攻击对手
10706,恶食,0,0,0,10,100,group=323,肆意吞食一切使自身物攻提升
10707,噬魂,10,2,75,15,95,none,额外附加自身最大体力1/8的伤害
10708,肉钩,10,1,70,20,95,ref_buff=102,甩出肉钩射向对手[ENDL]连续命中3次时使对手[ffbb33]【害怕】[-]2回合
10709,腐烂,0,1,80,20,95,none,释放出体内的瘟疫[ENDL]损失自身50点体力额外造成100点伤害
10710,傲视,0,0,0,20,100,none,使自身5回合内免疫异常
10711,莽食,10,1,90,20,95,group=323,击败对手时恢复自身1/4体力
10712,啮咬,10,2,100,20,1100,none,咬住对手使对手无法逃脱[ENDL]必中
10713,暴食,10,1,100,25,95,group=323&ref_buff=3001,若造成伤害低于100则使对手[ffbb33]【易伤】[-]3回合
10714,寒颤之视,10,0,0,15,95,none,35%几率使对手[ffbb33]【恐惧】[-]2回合[ENDL]回合结束时若对手未[ffbb33]【恐惧】[-]则降低对手1级物防
10715,妄食,10,1,75,15,95,group=323,后出手时威力增加50
10716,浩噬虚空,10,100,170,100,100,none,漆黑大口连虚空也要吞噬[ENDL]附加自身最大体力1/12的伤害
10717,食凶阵,10,0,0,15,100,group=323&ref_buff=20,布下食凶阵5回合
10718,皆食,0,0,0,15,100,group=323,使自身物攻提升1级[ENDL]50%几率额外提升物防1级
10719,虚食,10,1,100,20,95,group=323&ref_buff=57,使对手[ffbb33]【禁疗】[-]5回合
10720,大食宴,10,1,115,35,1100,group=323,必中。随机吞噬对手1项能力提升2次（可能会吞噬到没有强化的能力）
10721,∑·空,12,100,175,100,1100,ref_buff=3097,使自身化为黑洞吞噬一切[ENDL]必中。获得[ffbb33]【黑洞】[-]状态
10722,∑·幻,12,100,175,100,1100,ref_buff=101,睁开空冥的幻魅之眼让对手心驰神往[ENDL]必中。使对手被[ffbb33]【魅惑】[-]2回合
10723,迷幻条纹,0,2,70,10,95,ref_buff=113,运用身上的条纹迷惑对方[ENDL]30%使对手[ffbb33]【混乱】[-]
10724,涌浪,2,2,75,15,95,none,对手处于不良状态或异常状态时威力2倍
10725,滑行,2,0,0,10,100,none,滑行在水面上以提升速度
10726,深潜,2,0,0,10,100,ref_buff=600002,使场地效果转变为[ffbb33]【深海】[-]
10727,下潜压迫,2,1,90,20,95,ref_buff=108,30%使对手[ffbb33]【窒息】[-]2回合[ENDL]对手[ffbb33]【溺水】[-]时概率2倍
10728,上浮冲刺,2,2,55,15,95,priority=1,快速上浮冲刺
10729,温盐环流,2,0,0,20,100,ref_buff=3098,获得[ffbb33]【温盐环流】[-]5回合
10730,深海冲击,2,2,110,25,1100,none,必中。深海场地下附带40点固定伤害
10731,深海五连珠,2,100,160,100,100,none,30%概率使对手获得[ffbb33]【溺水】[-]、[ffbb33]【失明】[-]、[ffbb33]【混乱】[-]、[ffbb33]【窒息】[-]、[ffbb33]【昏迷】[-]之中的随机一种
10732,神秘光海,13,0,0,20,100,ref_buff=3099,获得[ffbb33]【神秘光海】[-]状态[ENDL]已有[ffbb33]【神秘光海】[-]状态时强化自身双防
10733,奇幻光斑,0,2,90,20,95,ref_buff=1006,50%使对手[ffbb33]【失明】[-]2回合
10734,深海猎杀,2,1,110,25,1100,none,必中。深海场地下暴击率提升40%
10735,吸水,2,0,0,10,100,ref_buff=3100,深吸一口水使水量充足并增加20怒气
10736,强力喷水,2,2,75,15,95,none,强有力的喷出水来[ENDL]消耗[ffbb33]【水量充足】[-]使威力2倍
10737,饮水,2,0,0,20,100,none,饮下水流来恢复1/4体力[ENDL]深海场地下额外恢复1/8体力
10738,水枪连射,2,2,35,15,95,none,连续射出2到5次水枪攻击[ENDL]消耗[ffbb33]【水量充足】[-]使连击数达到最大
10739,全力冲锋,0,1,110,20,95,none,全力冲锋撞击对手
10740,潮水,2,2,70,15,95,none,喷出潮水攻击对手[ENDL]50%几率使其[ffbb33]【溺水】[-][ENDL]深海场地下概率100%
10741,尖刺撞击,0,1,115,20,90,none,用尖刺的身体撞击对手
10742,翻江倒海,2,100,165,100,100,none,深海场地下弱化对手特防1级
10743,大口吸水,2,0,0,15,100,ref_buff=3100/3101,深吸一大口水使水量充足达到饱和并增加25怒气
10744,超级水枪,2,2,95,20,95,none,喷射出超级水枪[ENDL]消耗[ffbb33]【水量饱和】[-]使威力2倍
10745,喷射水枪,2,2,55,15,95,priority=1,快速的喷射出水枪攻击对手
10746,吞饮水源,2,0,0,15,100,none,吞饮水源来增加特攻[ENDL]消耗[ffbb33]【水量充足】[-]使效果翻倍
10747,拍击,0,1,50,0,95,none,冲向对手进行拍打攻击
10748,激浪,2,2,65,5,95,none,激起浪花拍击对手
10749,凝血,2,0,0,10,100,none,凝聚体内血脉使自身特攻提升1级[ENDL]对手[ffbb33]【溺水】[-]时再强化1级
10750,血衣,2,0,0,15,100,priority=1&ref_buff=3102,获得当前体力值的[ffbb33]【血衣】[-][ENDL]已有[ffbb33]【血衣】[-]时使用会回复自身最大体力1/4的血衣值（血衣值最高不超过自身最大体力）
10751,血脉激流,2,2,75,15,95,none,让血脉在体内激流[ENDL]损失自身35体力使威力增加50
10752,血脉扩散,2,1,80,15,95,none,让血脉扩散到身体[ENDL]损失自身45体力使伤害增加60
10753,血涌,2,2,70,20,95,ref_buff=1000,凝聚血脉将水流涌向对手[ENDL]70%使对手[ffbb33]【溺水】[-]3回合，否则免疫异常3回合[ENDL]已免疫异常时必定使对手[ffbb33]【溺水】[-]3回合
10754,喷涌,2,2,75,15,95,none,喷射强大的脉流[ENDL]对手[ffbb33]【溺水】[-]时连击数+1
10755,缓步,2,0,0,10,100,none,将对手血脉流速放缓[ENDL]使对手速度下降1级
10756,血脉狂涛,2,2,100,40,95,none,牺牲自身气血掀起疯狂的波涛[ENDL]损失自身55体力使伤害增加70%
10757,沸血,2,2,110,45,95,critical=35,使自身血液沸腾[ENDL]损失自身65体力使致命率增加80%
10758,血脉灵化,2,0,0,20,100,none,灵化自身的血脉使自身物防提升[ENDL]免疫能力下降5回合
10759,海天一色,2,100,175,100,1100,none,将脉流席卷整个领域令海天一色[ENDL]必中。使对手[ffbb33]【溺水】[-]3回合[ENDL]体力为1时先制+1
10760,血脉喷张,2,1,0,20,95,none,造成自身最大体力1/5的固定伤害
10761,血脉洗净,2,2,75,20,95,none,将对手的血脉洗净以清除对手能力强化
10762,血脉逆流,2,0,0,10,100,ref_buff=61[2],获得[ffbb33]【血脉逆流】[-]2回合
10763,神脉,0,100,200,100,1100,none,精灵王血脉的象征[ENDL]必中。造成的伤害不低于200
10764,魔光,15,2,60,5,95,none,使用恶魔之光攻击对手
10765,魔化,0,0,0,10,100,none,魔化自身使自身特攻提升
10766,魔鬼契约,15,2,65,10,95,ref_buff=3104,与魔鬼签下契约
10767,恶魔之爪,15,1,75,15,95,ref_buff=1004[30],用锐利的魔爪攻击对手[ENDL][ffbb33]【魔鬼契约】[-]状态下使对手[ffbb33]【流血】[-]3回合
10768,暗影冲击,15,2,85,15,95,none,使用暗影法术冲击对手[ENDL][ffbb33]【魔鬼契约】[-]状态下威力增加40
10769,魔眼,15,0,0,25,85,none,睁开恶魔之眼诅咒对手[ENDL]使对手在异常状态中随机获得一种
10770,苦痛,15,0,0,10,95,none,充斥着苦楚的哀号[ENDL]使对手物攻下降1级
10771,意志夺取,0,1,80,20,95,none,在恶魔的趋势下剥夺对手意志[ENDL][ffbb33]【魔鬼契约】[-]状态下吸取对手10点怒气
10772,黑暗笼罩,15,2,80,20,95,none,将黑暗笼罩整个时空[ENDL]使环境效果转换为夜幕
10773,黑暗光环,0,0,0,10,100,none,接受魔鬼的黑暗光环力量[ENDL]使自身速度提升1级[ENDL]夜幕环境下增加自身20怒气
10774,魔影,15,1,85,20,95,none,如魔影般迅速袭击对手[ENDL][ffbb33]【魔鬼契约】[-]状态下先制+1
10775,幻魅噩梦爪,15,100,170,100,100,none,借助恶魔的利爪攻击对手[ENDL]30%几率使对手[ffbb33]【魅惑】[-]2回合
10776,暗影苦痛,15,0,0,20,95,none,施展暗影苦楚法术使对手物防下降1级[ENDL][ffbb33]【魔鬼契约】[-]状态下额外降低对手特攻1级
10777,生命分流,0,0,0,0,100,none,消耗自身所有怒气恢复对应4倍的体力[ENDL][ffbb33]【魔鬼契约】[-]状态下恢复量提升25%
10778,牺牲之力,15,2,100,25,95,none,[ffbb33]【魔鬼契约】[-]状态下牺牲自身50点体力来增加50威力
10779,噬魔盛宴,15,2,100,25,95,none,将契约恶魔吞噬[ENDL]消除[ffbb33]【魔鬼契约】[-]使技能必定暴击
10780,寒霜川流,9,2,75,15,95,ref_buff=3105,贯穿[ffbb33]【寒霜川流】[-]
10781,冰点攻击,9,1,90,20,95,none,以寒气攻击对手[ENDL]对手特攻高于物攻时必中
10782,细水长流,2,2,85,15,95,none,召唤河流冲击对手[ENDL]对手特攻高于物攻时威力增加35
10783,寒气爆发,9,2,80,20,95,none,引爆对手周围的寒气减少其15怒气
10784,寒霜羽衣,9,0,0,20,100,none,穿上寒霜凝结成的羽衣[ENDL]提升物防并恢复1/6体力
10785,急冻射线,9,2,60,15,95,priority=1,施展急冻射线
10786,致寒一击,9,1,95,20,95,none,以致寒之气攻击对手[ENDL]对手特攻高于物攻时威力增加35
10787,落霜,9,0,0,10,100,none,落下寒霜[ENDL]使对手速度下降
10788,寒霜天地,9,2,100,20,95,none,漫天寒霜攻击[ENDL]对手特攻高于物攻时威力增加35
10789,霜后安魂曲,9,100,165,100,95,ref_buff=3106,完整听完安魂曲的对手会被清空怒气
10790,寒霜屏障,9,0,0,20,100,priority=1&ref_buff=3107,急速冰封自身来抵御必杀技攻击
10791,千年冰壁,9,0,0,20,100,ref_buff=3108,唤出[ffbb33]【千年冰壁】[-]挡在面前
10792,湍流不息,2,2,95,20,95,none,召唤湍流攻击[ENDL]对手特攻高于物攻时威力增加35
10793,霜魂旋律,9,0,0,10,100,ref_buff=3109,响起霜魂的旋律[ENDL]对手不听完旋律则下一出场精灵清空怒气
10794,闪烁,2,0,0,10,100,none,以虚空之力提升速度
10795,穿透突击,0,1,65,10,95,ignore_powerup=true,穿透突击对手[ENDL]无视对手防御类强化
10796,虚空袭击,2,2,65,15,95,none,召唤出虚空世界的伙伴攻击对手[ENDL]具有[ffbb33]【虚空感应】[-]时威力2倍
10797,穿透冲击,0,1,35,15,95,ignore_powerup=true,连续穿透冲击对手2~3次[ENDL]无视对手防御类强化
10798,虚空转换,2,0,0,15,100,none,进入虚空清除自身的能力弱化
10799,虚空充能,2,0,0,20,100,none,进入虚空恢复自身1/4体力
10800,窒息冲锋,2,1,80,15,95,none,带动漩涡冲锋[ENDL]20%使对手[ffbb33]【窒息】[-][ENDL]具有[ffbb33]【虚空感应】[-]时几率提升到40%
10801,虚空炸弹,2,2,75,15,95,none,召唤出虚空炸弹攻击对手[ENDL]具有[ffbb33]【虚空感应】[-]时伤害增加60
10802,穿透冲锋,0,1,90,15,95,ignore_powerup=true,穿透冲锋对手[ENDL]无视对手防御类强化
10803,虚空闪现,2,2,55,15,95,priority=1,从虚空中出其不意的攻击对手
10804,虚空大爆炸,2,100,165,100,100,ignore_powerup=true,打开虚空之门召唤伙伴攻击对手[ENDL]无视对手防御类强化
10805,漩涡突袭,2,2,85,20,95,none,从漩涡中招出伙伴攻击对手[ENDL]具有[ffbb33]【虚空感应】[-]时威力增加50
10806,漩涡穿透,2,1,90,20,95,ignore_powerup=true,在漩涡中穿透对手[ENDL]无视对手防御类强化
10807,漩涡炸弹,2,2,85,20,95,none,召唤出漩涡炸弹攻击对手[ENDL]具有[ffbb33]【虚空感应】[-]时伤害增加80
10808,虚空体质,2,0,0,20,100,ref_buff=3111,当回合自身躲入虚空中
10809,叩击,0,1,40,0,95,priority=1,快速叩击对手
10810,碎梦吟,11,2,60,5,95,none,碎梦吟攻击对手
10811,怒嚎,11,0,0,10,100,none,在战斗中怒嚎[ENDL]使自身物攻提升并增加20怒气[ENDL]使用后将此技能替换为战意
10812,斗战气焰,11,1,75,20,95,none,攻击对手的同时将环境转换为古战场
10813,气合斩,11,1,80,15,95,critical=35,古战场环境下暴击率增加35%
10814,破元闪,11,1,60,15,95,priority=1,破元闪以极快的速度攻击
10815,擒九域,11,1,100,20,1100,none,擒九域强势攻击对手[ENDL]必中。无视对手25%物防值
10816,连环投摔,0,1,40,20,95,none,将对手连环投摔[ENDL]连击2~3次
10817,神经修复,11,0,0,30,100,none,修复自身神经系统[ENDL]恢复自身最大体力的1/3
10818,群影乱舞,11,0,0,25,100,ref_buff=33,群影乱舞使对手无法找出真正的对手
10819,天罗地网,11,2,110,15,70,none,施展天罗地网[ENDL]45%降低对手特防
10820,不灭斗气,11,0,0,20,100,none,使自身物防和特防提升
10821,石破天惊,11,100,170,100,1100,none,石破天惊般的强大力量攻击对手[ENDL]必中。清除对手所有能力强化效果
10822,返璞归真,11,0,0,20,1100,ref_buff=17/3022,必中。使自身获得[ffbb33]【必中】[-]和[ffbb33]【强化状态】[-]3回合
10823,末日宣告,11,2,140,20,35,ref_buff=3112,使自身获得[ffbb33]【末日宣告】[-]3回合
10824,日月皆伤,0,1,140,35,95,none,清除对手能力强化效果
10825,渗透劲,0,1,160,0,95,none,在使用的当回合蓄力不攻击[ENDL]下回合使用技能会强迫转变为渗透劲攻击
10826,战意,0,0,0,10,100,none,激起战意[ENDL]使自身物攻并恢复自身1/8体力[ENDL]使用后将此技能替换为怒嚎
10827,笼罩,15,2,60,5,95,none,恐怖笼罩的气氛笼罩对手并给对手造成重创
10828,迟缓,15,0,0,10,100,none,让对手行动迟缓使对手速度降低
10829,无力之焰,15,1,65,10,95,none,燃起无力之焰[ENDL]随机使对手的1项能力下降1级
10830,绝情打击,0,1,80,15,95,none,绝情地攻击对手[ENDL]在对手具有弱化时威力增加40
10831,魔化死光,15,2,90,20,95,none,使用魔化的死光[ENDL]在对手具有弱化时额外造成40点固定伤害
10832,暗之觉醒,15,0,0,15,100,none,使自身特攻提升1级[ENDL]对手具有弱化时额外提升自身物攻1级
10833,迷之风暴,15,0,0,20,100,none,谜一样的弱化风暴[ENDL]随机使对手的1项能力下降1级，重复2次
10834,夜幕时刻,15,0,0,20,100,none,使环境转换为夜幕
10835,暗影撕裂,15,1,85,20,95,ref_buff=1004[50],在暗影中撕裂对手使对手[ffbb33]【流血】[-]3回合
10836,影之肆虐,15,2,100,20,1100,none,如影子般在黑暗中肆虐令对手无法躲避[ENDL]必中
10837,影之穿击,15,2,60,15,95,priority=1,像影子一样穿击对手
10838,诅咒风暴,15,100,160,100,95,none,使自身恢复1/4体力
10839,暗影斗篷,15,0,0,15,100,ref_buff=16,使暗影斗篷覆盖自身5回合
10840,恐惧迷惑,15,0,0,20,85,ref_buff=110,使对手[ffbb33]【恐惧】[-]3回合
10841,无力吞噬,15,0,0,20,100,none,使对手当前弱化等级翻倍
10842,虚弱斩杀,0,2,100,20,95,none,对手弱化总等级大于4时威力2倍
10843,复苏大地,8,1,75,15,95,none,不论是否命中都会恢复自身初始物防值1/4的体力
10844,撕裂沙暴,17,2,80,15,95,none,不论是否命中都会在回合结束时造成自身初始特攻值1/6的伤害
10845,拒力大地,8,1,80,20,95,ref_buff=15,不论是否命中都会获得[ffbb33]【硬化】[-]状态1回合
10846,利刃沙暴,17,2,85,20,95,ref_buff=1004[50],不论是否命中都会使对手[ffbb33]【流血】[-]3回合
10847,咆哮怒吼,0,0,0,20,100,ref_buff=15,3回合內免疫异常且受到的物攻伤害减半
10848,净化大地,8,1,85,20,95,none,不论是否命中都能解除自身的不良效果
10849,逆袭沙暴,17,2,90,20,95,none,不论是否命中都能增加自身30怒气
10850,战斗怒吼,0,0,0,20,100,none,提升自身的物防和特攻
10851,泰坦之怒,8,100,165,100,95,none,获得泰坦的力量[ENDL]物防值和特攻值各增加1层
10852,复仇大地,8,1,90,25,95,none,不论是否命中都能消除对手的强化
10853,毁灭沙暴,17,2,95,20,95,none,不论是否命中都能秒杀体力低于95的对手
10854,协作接力,0,1,100,20,95,ref_buff=3114,不论是否命中都获得[ffbb33]【协作接力】[-]状态
10855,泰坦之护,8,0,0,20,100,none,5回合內受到的伤害不会超过自身最大体力的1/2
10856,头悬梁,0,1,40,0,95,none,悬梁刺股的悬梁
10857,锥刺股,14,2,60,5,95,none,悬梁刺股的刺股
10858,文科强化,14,0,0,10,100,none,使自身特攻强化1级
10859,出口成章,0,0,0,10,100,ref_buff=3118,使自身获得[ffbb33]【出口成章】[-]3回合
10860,妙笔生花,14,2,85,15,95,none,具有[ffbb33]【出口成章】[-]状态时威力增加40
10861,理科强化,14,0,0,10,100,none,使自身物攻强化1级
10862,层层剖析,0,0,0,10,100,ref_buff=3119,使自身获得[ffbb33]【层层剖析】[-]3回合
10863,精妙计算,14,1,85,15,95,none,具有[ffbb33]【层层剖析】[-]状态时威力增加40
10864,勤学苦练,14,2,100,25,1100,none,必中。具有[ffbb33]【出口成章】[-]状态时恢复1/6体力
10865,孜孜不倦,14,1,100,25,1100,none,必中。具有[ffbb33]【层层剖析】[-]状态时附带60点固定伤害
10866,天文地理,14,0,0,15,100,none,使对手在不良状态中随机获得一种
10867,疲劳补习,14,2,110,30,95,priority=1&ref_buff=123,使自身[ffbb33]【疲惫】[-]2回合
10868,学霸傲视,14,100,165,100,95,ref_buff=114,使对手[ffbb33]【沉默】[-]2回合
10869,饱读诗书,14,0,0,15,100,none,使对手物防弱化1级[ENDL]自身体力低于对手时额外弱化对手1级特防
10870,学富五车,14,0,0,25,100,ref_buff=116,恢复自身1/4体力并使对手获得[ffbb33]【术牢】[-]1回合
10871,精益求精,0,0,0,25,100,priority=1&ref_buff=52,使自身获得[ffbb33]【反射物攻】[-]状态
10872,逼退,0,1,100,30,95,ref_buff=3120,使对手获得[ffbb33]【逼退】[-]状态2回合
10873,回春大地,8,2,75,15,95,none,不论是否命中都会恢复自身初始特防值1/4的体力
10874,切割沙暴,17,1,80,15,95,none,不论是否命中都会在回合结束时额外造成自身初始物攻值1/6的伤害
10875,狂武大地,8,2,80,20,95,ref_buff=16,不论是否命中都会获得[ffbb33]【柔化】[-]状态1回合
10876,刀袭沙暴,17,1,85,20,95,ref_buff=1004[50],不论是否命中都会使对手[ffbb33]【流血】[-]3回合
10877,怒吼咆哮,0,0,0,20,100,ref_buff=16,3回合內免疫不良且受到的特攻伤害减半
10878,净化沙暴,17,1,85,20,95,none,决定技能时和对方出手后解除自身的异常效果
10879,逆袭大地,8,2,90,20,95,none,不论是否命中都能增加自身30怒气
10880,战斗狂吼,0,0,0,20,100,none,提升自身的特防和物攻
10881,送葬之怒,17,100,165,100,95,none,获得送葬的力量[ENDL]特防值和物攻值各增加1层
10882,复仇沙暴,17,1,90,25,95,none,不论是否命中都能解除自身的弱化
10883,毁灭大地,8,2,95,20,95,none,不论是否命中都能秒杀体力低于95的对手
10884,送葬之罚,17,0,0,20,100,ref_buff=3123,获得[ffbb33]【送葬之罚】[-]状态5回合
10885,圆月饼,10,0,0,10,100,none,使自身速度提升1级
10886,鲜肉馅,10,1,65,10,95,ref_buff=3124,使自身获得[ffbb33]【鲜肉馅】[-]2回合
10887,鲜肉打击,10,2,75,15,95,none,自身具有[ffbb33]【鲜肉馅】[-]时额外增加40点伤害
10888,月光乱舞,10,1,85,15,95,ref_buff=113,30%使对手[ffbb33]【混乱】[-][ENDL]异空间环境下增加30%
10889,莲蓉馅,10,2,95,20,95,none,50%概率使自身速度强化1级
10890,香芋馅,10,2,85,20,95,none,先出手时威力增加60
10891,冰皮月饼,10,0,0,10,100,none,使用该技能后本回合若受到攻击则使对手双攻各下降1级
10892,火腿馅,10,2,95,20,95,ref_buff=1001,50%概率使对手[ffbb33]【烧伤】[-]3回合
10893,冰皮滑袭,10,2,65,15,95,priority=1,冰凉饼皮造就滑顺口感
10894,月饼雨,0,2,105,20,1100,none,众多月饼从天而降。必中。
10895,至尊无双馅,10,100,165,100,100,ref_buff=95[2],获得2级[ffbb33]【至尊光环】[-]5回合
10896,圣光月能,10,0,0,10,100,none,使自身特攻强化1级[ENDL]异空间环境下额外随机强化1级物防或特防
10897,五仁馅,10,2,95,25,95,none,清除对手能力强化
10898,五味俱全,10,2,85,25,95,none,由鲜肉馅、莲蓉馅、香芋馅、火腿馅、五仁馅之中，随机发动其中2种不同效果
10899,美味佳肴,10,0,0,35,100,ref_buff=3125,损失自身最大体力值一半的体力[ENDL]获得[ffbb33]【美味佳肴】[-]状态
10900,雪球,9,2,60,5,95,none,向对手丢掷雪球
10901,凝固,9,0,0,10,100,none,凝固自身提升物防
10902,固态化,0,1,65,10,95,ref_buff=3126,获得[ffbb33]【固态化】[-]状态
10903,细碎冰晶,9,1,75,15,95,group=761&ref_buff=1004[30],如果本回合是自身连续留在场上的第3个回合以上，则会使对手[ffbb33]【流血】[-]3回合
10904,潜热,0,0,0,15,100,ref_buff=3127/31[80],获得[ffbb33]【潜热】[-]状态和80点[ffbb33]【护盾】[-]
10905,无垢冰晶,9,2,85,15,95,group=761,解除自身的能力下降
10906,结冰,9,0,0,15,100,none,回复自身80点体力[ENDL]消耗[ffbb33]【潜热】[-]额外回复80点
10907,六角冰晶,9,1,30,25,95,group=761,连击数等同于自身连续留在场上的回合数，最高为6
10908,冰柩,9,0,0,25,85,ref_buff=109,使对手陷入[ffbb33]【冰冻】[-]2回合
10909,耀璨冰晶,9,1,125,30,95,group=761,对手为火系或冰系时威力2倍（主属性和副属性都算）
10910,冻雪冰心,9,100,160,100,1100,none,必中。5回合内免疫异常状态
10911,可燃冰,9,2,100,20,1100,ref_buff=1001,必中。对手[ffbb33]【冰冻】[-]时使其[ffbb33]【烧伤】[-]3回合
10912,凝华,9,0,0,20,100,none,凝华自身提升物防和特防
10913,恒久光辉,0,1,90,20,95,ref_buff=3128,如果本回合是自身连续留在场上的第9个回合以上，则会获得[ffbb33]【恒久光辉】[-]状态
10914,三相循环,0,100,85,100,1100,ref_buff=1002/1000/1014,必中。连击3次[ENDL]30%使对手获得[ffbb33]【冻伤】[-]、[ffbb33]【溺水】[-]、[ffbb33]【干裂】[-]之中随机1种状态3回合
10915,拳击,0,1,40,0,95,none,朝对手挥出拳击
10916,准备动作,0,0,0,10,100,ref_buff=3129,暖身并做出[ffbb33]【准备动作】[-]
10917,下勾拳,0,1,55,15,95,group=58,用下勾拳击打对手[ENDL]自身身高超过对手时威力2倍
10918,左摆拳,0,2,55,15,95,group=58,用左摆拳攻击对手[ENDL]附带对手身高一半的固定伤害
10919,加速刺拳,0,1,55,15,95,group=58&priority=1,脚下生风快速攻击对手[ENDL]击败对手时强化自身速度1级
10920,灵巧,0,0,0,15,100,ref_buff=3130,以灵巧的身姿闪避特殊攻击，但自身受到物理攻击伤害翻倍
10921,上勾拳,0,1,55,15,95,group=58,用上勾拳击打对手[ENDL]自身身高低于对手时威力2倍
10922,右摆拳,0,2,110,15,70,group=58,用右摆拳攻击对手[ENDL]自身身高100以上时必中
10923,反击重拳,0,1,90,20,95,group=58,做出反击重拳[ENDL]后出手时暴击率提升50%
10924,上下左右拳,0,100,160,100,100,group=58,强化自身特攻1级
10925,下下下勾拳,0,1,45,20,95,group=58,用下勾拳击打对手[ENDL]自身身高超过对手时连续攻击3次
10926,左左左摆拳,0,2,45,20,95,group=58,用左摆拳攻击对手[ENDL]附带对手身高的固定伤害
10927,上上上勾拳,0,1,45,20,95,group=58,用上勾拳击打对手[ENDL]自身身高低于对手时连续攻击3次
10928,右右右摆拳,0,2,135,20,70,group=58,用右摆拳攻击对手[ENDL]自身身高100以上时必中
10929,怒海巨涛,2,2,120,20,95,group=1,消耗1个弱点记号无视对手40%特防值
10930,水之操控,2,2,65,20,95,none,附带对手当前怒气的威力
10931,灵气传递,0,0,0,25,100,priority=-1,将自身强化转移给一位背包中的指定精灵
10932,滋养,2,0,0,25,100,none,滋养自身以提升特攻和速度
10933,清灵护盾,0,2,90,25,95,none,5回合内免疫异常状态
10934,无际火海,3,2,95,15,25,ref_buff=1001/1011/120,使对手[ffbb33]【烫伤】[-]、[ffbb33]【烧伤】[-]3回合[ENDL]使对手下回合[ffbb33]【停滞】[-]
10935,无限气力,0,0,0,25,100,ref_buff=3131,获得[ffbb33]【无限气力】[-]状态2回合
10936,终极嗜血,0,1,80,15,95,none,损失自身1/6当前体力[ENDL]增加35点怒气
10937,火影冲刺,3,1,55,15,95,priority=1,50%几率提升自身的速度
10938,烈火烧烬,3,1,130,35,95,none,造成的伤害低于200则会弱化对手物防1级
10939,爆发释放,1,2,75,15,95,none,释放1个种子必定暴击
10940,再生,1,0,0,20,100,none,5回合内每回合恢复自身1/8体力
10941,绿藤缠绕,1,0,0,20,100,ref_buff=120,以绿藤缠绕对手降低双防[ENDL]不论是否命中都会使对手当回合[ffbb33]【停滞】[-]
10942,灵血继承,0,0,0,25,100,none,将自身当前体力的一半转移给一位背包中的指定精灵
10943,巨藤,0,2,95,25,95,none,附带自身最大体力1/6的伤害
10944,海浪之盾,2,0,0,15,100,ref_buff=16/31[100],展开海浪之盾[ffbb33]【柔化】[-]自身以抵御特殊攻击5回合[ENDL]获得100点[ffbb33]【护盾】[-]
10945,水花溅射,2,2,80,15,95,ref_buff=1006,发出水花溅射对手的眼睛[ENDL]使对手当回合[ffbb33]【失明】[-][ENDL]对手[ffbb33]【溺水】[-]时伤害增加50%
10946,淹没,2,2,0,20,95,ref_buff=1000,施放大量潮水淹没对手[ENDL]使对手[ffbb33]【溺水】[-]3回合
10947,弱点标记,2,2,65,15,95,priority=1&ref_buff=3000,在对手身上标记2个[ffbb33]【弱点记号】[-]
10948,火海,3,2,70,15,75,ref_buff=1001/1011,放出大片火海包围对手[ENDL]命中时使对手[ffbb33]【烧伤】[-]3回合[ENDL]未命中时使对手[ffbb33]【烫伤】[-]3回合
10949,踏火冲撞,3,1,80,15,95,none,炎热环境下伤害2倍
10950,怒火猛攻,3,1,100,20,95,ref_buff=57,怒火集中猛攻对手[ENDL]造成的伤害不低于100[ENDL]使对手[ffbb33]【禁疗】[-]2回合
10951,绝处逢生,0,1,75,10,95,priority=1,背水一战[ENDL]自身体力低于1/4时威力4倍
10952,飞叶速射,1,2,25,15,95,none,连续射出4~6片飞叶攻击对手
10953,干扰,0,0,0,0,100,none,干扰对手，使其命中率减少15%并额外消除20点怒气
10954,千叶杀,1,2,100,10,1100,none,发射出千片叶子击杀对手[ENDL]必中。自身体力低于1/4时威力2倍
10955,引爆种子,0,0,0,10,100,none,无须种子能量，瞬间引爆寄生炸弹
10956,磨牙,0,0,0,10,100,none,强化自身物攻1级
10957,焰火,3,0,0,10,100,ref_buff=3132,使自身获得[ffbb33]【焰火】[-]2回合
10958,火之牙,3,1,75,10,95,ref_buff=1001,10%使对手[ffbb33]【烧伤】[-]3回合
10959,烈焰撞击,3,1,90,15,95,ref_buff=1001,20%使对手[ffbb33]【烧伤】[-]3回合
10960,野猪之速,0,0,0,10,100,none,强化自身速度1级
10961,爆牙,3,1,70,15,95,none,先出手时威力2倍
10962,火球飞弹,3,2,50,20,95,none,连击2~3次
10963,走火,3,1,70,20,95,ref_buff=1001,70%使对手[ffbb33]【烧伤】[-]3回合
10964,烈焰牙冲破,3,100,165,100,100,ignore_powerup=true,无视对手防御类强化
10965,拔得头筹,0,1,70,15,95,priority=1,上场第一回合伤害2倍
10966,焰舞,3,1,100,20,1100,ref_buff=1013[30],必中。使对手[ffbb33]【燃烧】[-]5回合
10967,火星,3,2,70,20,95,none,使[ffbb33]【焰火】[-]延长2回合，最高不超过5回合
10968,火种,3,2,70,20,95,ref_buff=1011,70%使对手[ffbb33]【烫伤】[-]3回合
10969,怒气,10,2,60,5,95,none,将饱含愤怒的气波冲向对手
10970,愤慨,10,0,0,10,100,none,在战斗中更加愤慨，使自身特攻提升
10971,怒瞳,10,2,70,15,95,ref_buff=3133,使自身获得[ffbb33]【怒瞳】[-]5回合
10972,愤怒玄铁,10,2,75,15,95,none,愤怒的将坚硬的玄铁块砸向对手[ENDL]附加自身怒气值1/2的威力
10973,愤怒星锤,10,1,85,15,95,none,愤怒地甩出流星锤攻击对手[ENDL]附加自身怒气值的固定伤害
10974,怒气冥焰,10,2,85,20,95,none,燃起愤怒的冥焰[ENDL]当自身具有[ffbb33]【怒瞳】[-]时额外恢复造成伤害1/4的怒气
10975,愤怒磁石,10,0,0,20,100,none,吸取对手20点怒气给自身并恢复自身1/4体力[ENDL]对手怒气低于40点时无效
10976,怒甲防御,10,0,0,10,100,none,用怒甲包裹自身，使自身特防提升1级
10977,狂暴飞星,10,2,55,15,95,priority=1,狂暴地使用飞星攻击对手
10978,狂暴手锤,0,2,100,20,1100,none,巨大的流星锤攻击对手[ENDL]必中
10979,蜷缩,10,0,0,20,100,none,使自身蜷缩在坚硬的外甲中以提升物防和特防
10980,怒不可遏,10,100,165,100,95,none,怒不可遏地攻击对手[ENDL]50%恢复自身35点怒气
10981,暴怒玄铁,10,2,90,20,95,none,自身具有[ffbb33]【怒瞳】[-]时，暴击率获得与自身当前怒气值1/2相同的提升
10982,旋转连锤,10,2,70,25,95,none,自身具有[ffbb33]【怒瞳】[-]时，与自身当前怒气值相同的概率连击+1
10983,失去理智,10,0,0,25,100,none,怒不可遏地失去理智[ENDL]恢复自身100点怒气
10984,暴怒星锤,10,2,40,20,95,none,高速旋转使用连锤攻击对手[ENDL]附加自身怒气值的威力
10985,火焰之环,3,2,65,10,95,ref_buff=3134,使自身获得3层[ffbb33]【火环之心】[-]
10986,火焰之爪,3,1,70,15,95,none,消耗所有[ffbb33]【火环之心】[-][ENDL]每消耗1层使威力增加10点
10987,烈焰之环,3,2,75,15,95,ref_buff=3134,使自身获得2层[ffbb33]【火环之心】[-]
10988,烈焰之爪,3,1,80,20,95,none,消耗所有[ffbb33]【火环之心】[-][ENDL]每消耗1层使威力增加15点
10989,极速火环,3,2,50,15,95,priority=1,快速的放出火环攻击
10990,黑焰之环,3,2,85,20,95,ref_buff=3134,使自身获得1层[ffbb33]【火环之心】[-]
10991,黑焰之爪,3,1,90,20,95,none,消耗所有[ffbb33]【火环之心】[-][ENDL]每消耗1层使威力增加20点
10992,黑玫瑰之火,3,100,170,100,100,none,随机强化物攻或特攻1级
10993,真空之爪,0,1,100,20,1100,none,用真空之爪攻击对手。必中
10994,火环之力,3,0,0,20,100,none,强化自身双攻1级
10995,真空速爪,0,1,75,15,95,priority=1,快速的用真空速爪攻击对手
10996,真空之环,0,2,95,20,95,ref_buff=37,使自身下一次攻击必中
10997,炽热火焰,3,2,65,15,95,ref_buff=1001,炎热时使对手[ffbb33]【烧伤】[-]3回合
10998,炽热火苗,3,2,65,15,95,ref_buff=3135[50],炎热时使对手获得50点[ffbb33]【火苗】[-]
10999,灼热一击,3,1,80,15,95,none,延长[ffbb33]【火苗】[-]1回合
11000,火焰喷射,3,2,95,20,95,none,对手[ffbb33]【烧伤】[-]时威力增加50点
11001,烈焰之躯,3,0,0,15,100,none,5回合內免疫不良
11002,急速火弹,3,2,60,15,95,priority=1,快速的射出火弹攻击
11003,烈焰爆炸,3,2,100,20,1100,none,聚集火焰产生大爆炸对手避无可避[ENDL]必中
11004,炽热突击,3,1,85,20,95,none,对手[ffbb33]【昏迷】[-]时恢复40怒气
11005,火球连袭,3,2,30,20,95,none,连击3~4次
11006,野火燎原,3,100,165,100,100,ref_buff=1013[30],使对手[ffbb33]【燃烧】[-]5回合
11007,灼热火焰,3,2,90,20,95,ref_buff=1001,炎热时使对手[ffbb33]【烧伤】[-]3回合
11008,火焰之舞,3,0,0,20,35,ref_buff=105,使对手[ffbb33]【昏迷】[-]2回合[ENDL]炎热时命中率增加50%
11009,灼热火苗,3,2,0,25,95,ref_buff=3135[100],炎热时使对手获得100点[ffbb33]【火苗】[-]
11010,万圣前奏,15,2,65,10,95,none,使自身获得3层[ffbb33]【幽灵】[-]
11011,恶作剧,15,0,0,10,100,none,弱化对手特防1级
11012,南瓜炸弹,15,2,70,15,95,none,伤害低于70时使对手失去70点体力
11013,南瓜诅咒,15,0,0,10,100,none,万圣南瓜下达的诅咒[ENDL]随机弱化对手1项能力1级
11014,不谐暗光,15,2,85,20,95,ref_buff=3139,使自身获得1~4层[ffbb33]【幽灵】[-][ENDL]大于2时使自身获得[ffbb33]【不谐暗光】[-]3回合
11015,恐惧引诱,15,0,0,10,100,ref_buff=110,使自身获得1~3层[ffbb33]【幽灵】[-][ENDL]大于2时80%使对手[ffbb33]【恐惧】[-]2回合
11016,诡异南瓜灯,15,1,80,15,95,none,使自身获得1~6层[ffbb33]【幽灵】[-][ENDL]大于3则恢复自身1/6体力并解除自身不良
11017,昏暗烛光,15,0,0,10,100,ref_buff=3020,若隐若现的烛光模糊视线[ENDL]使对手命中率减少15%
11018,暗之和弦,15,2,95,20,95,none,使自身获得1~2层[ffbb33]【幽灵】[-][ENDL]大于1时造成伤害增加25%
11019,万圣南瓜装,15,0,0,15,100,none,使自身获得1~2层幽灵并强化自身物防1级[ENDL]大于1时额外强化特防1级
11020,万圣狂欢宴,15,100,170,100,1100,none,必中。消耗所有[ffbb33]【幽灵】[-]，每1个幽灵附加10点伤害
11021,鬼游,0,1,0,0,95,none,使自身获得3~6层[ffbb33]【幽灵】[-]并恢复自身15点怒气
11022,万圣惊魂夜,15,0,0,20,100,none,使自身获得2~5层[ffbb33]【幽灵】[-][ENDL]随机强化自身1项能力1级[ENDL]使环境转变为夜幕
11023,万圣慰灵曲,15,2,110,30,95,none,使自身获得1~3层[ffbb33]【幽灵】[-][ENDL]解除自身能力弱化
11024,宴会终结,15,0,0,35,100,ref_buff=3138,强化自身速度1级并使自身获得[ffbb33]【宴会终结】[-]3回合
11025,凝结,2,0,0,10,100,none,提升自身的速度
11026,液态化,0,2,65,10,95,ref_buff=3141,获得[ffbb33]【液态化】[-]状态
11027,水无常形,2,2,0,15,95,none,随机附带50~150点威力[ENDL]具有[ffbb33]【液态化】[-]状态时不低于100点
11028,比热,0,0,0,15,100,none,随机复制对手1个状态（强弱化和道具类除外）
11029,借力使力,0,2,0,20,95,none,使用对方本回合使用的技能（指定场下精灵的技能除外）
11030,融化,2,0,0,20,100,ref_buff=3142,获得[ffbb33]【融化】[-]状态3回合
11031,循环再生,0,0,0,20,100,none,5回合内每回合恢复自身1/8体力
11032,润物无声,2,2,100,25,95,ref_buff=114,先出手时使对手本回合[ffbb33]【沉默】[-]
11033,变幻自在,2,100,165,100,1100,none,必中。解除自身的不良状态
11034,重水,2,1,120,25,1100,none,必中。造成的伤害不低于120
11035,解离,2,0,0,20,100,none,决定技能时替换成场下的指定精灵[ENDL]回合结束时返回场上
11036,属性复制,0,0,0,20,100,none,复制对手的属性
11037,突破,0,1,50,0,95,none,燃烧着的身体冲向对手
11038,炽蹄,3,2,65,5,95,none,使用炽热的战蹄攻击对手
11039,幻焰,3,0,0,10,100,none,凝聚体内火焰以提升物攻
11040,火影无踪,3,1,70,15,95,priority=1,使用没有踪迹的火影攻击对手
11041,怒焰爪,3,1,85,15,95,none,用被烈焰包裹的利爪袭击对手[ENDL]增加自身25点怒气
11042,幻空火,3,2,90,25,95,none,吐出炙热的幻空火[ENDL]自身怒气值高于50时威力增加50[ENDL]自身怒气值高于100时再附带100点固定伤害
11043,刹焰,3,0,0,10,100,none,召唤刹焰使自身特攻提升
11044,噬焰链,3,2,90,15,95,none,吞噬火焰以清除自身能力下降
11045,爆炎突,3,1,120,25,1100,ignore_powerup=true,爆发火焰突击对手[ENDL]必中。无视对手防御类强化
11046,疾火之速,3,0,0,10,100,ref_buff=3144,强化自身速度1级并获得[ffbb33]【疾火】[-]3回合
11047,幻灵突袭,0,1,120,25,95,none,火幻般加杂着烈焰冲击对手[ENDL]自身怒气值高于150时行动2次
11048,不灭烈焰,3,0,0,20,100,ref_buff=31[150]/3145,燃起不灭的烈焰[ENDL]获得吸收150点伤害的[ffbb33]【护盾】[-]和1层[ffbb33]【不灭烈焰】[-]
11049,焚火天躯,3,100,175,100,1100,none,焚烧对手的一切实体[ENDL]必中。攻击后若自身还有足够怒气则会再次行动，否则消耗所有怒气使对手损失等量体力
11050,幻影赤炼,3,1,140,40,95,ref_buff=3146,使自身获得[ffbb33]【赤炼】[-]
11051,猛火燃烧,3,0,0,20,100,ref_buff=3147,强化自身双攻1级并获得[ffbb33]【猛火】[-]
11052,幻灵惩戒,3,2,120,25,95,ref_buff=1001,75%使对手[ffbb33]【烧伤】[-]3回合
11053,神幻,0,100,200,100,1100,none,精灵王之躯的象征[ENDL]必中。造成的伤害不低于200
11054,火焰仆从,3,0,0,10,100,ref_buff=3149,从熔岩深处召唤[ffbb33]【火焰仆从】[-]5回合
11055,熔岩冲击,3,2,60,15,95,none,驾驭熔岩冲击对手[ENDL]具有[ffbb33]【火焰仆从】[-]时连击数+1
11056,熔岩火浪,3,2,75,15,95,none,激起熔岩火浪冲击对手[ENDL]对手[ffbb33]【烧伤】[-]时威力增加50
11057,熔岩之心,3,0,0,15,100,none,激活熔火之心使自身免疫能力下降5回合
11058,熔火之种,3,0,0,15,100,none,源自深渊的火种使对手特防下降[ENDL]对手[ffbb33]【烧伤】[-]时额外下降特攻
11059,熔岩元素,3,0,0,20,100,none,激活熔岩元素使自身物防提升1级[ENDL]具有[ffbb33]【火焰仆从】[-]时额外恢复1/6体力
11060,爆裂打击,0,1,100,20,1100,ignore_shield=true,盛怒之下给对手爆裂打击[ENDL]必中。无视对手护盾类效果
11061,爆裂熔岩,3,2,120,25,95,none,爆发出滚烫的熔岩[ENDL]炎热环境下恢复伤害量1/4的体力
11062,噬体烈焰,3,0,0,15,100,ref_buff=3150,吞噬身体的烈焰[ENDL]获得[ffbb33]【噬体烈焰】[-]5回合
11063,熔岩地狱火,3,100,165,100,100,ref_buff=3149/3151,传唤源自熔火之心的地狱火砸向对手[ENDL]获得[ffbb33]【火焰仆从】[-]和[ffbb33]【烈焰之子】[-]
11064,烈焰之子,3,1,70,15,95,ref_buff=3151,具有[ffbb33]【火焰仆从】[-]时获得[ffbb33]【烈焰之子】[-]
11065,灼热新星,3,2,90,20,95,critical=35,暴击时会重新获得[ffbb33]【火焰仆从】[-]
11066,烈焰群袭,3,2,45,25,95,none,连续攻击2~3次[ENDL]50%概率获得[ffbb33]【烈焰之子】[-]
11067,熔岩喷发,3,2,55,15,95,priority=1,向对手喷发致命熔岩
11068,提速,0,0,0,10,100,none,提升自身的速度
11069,伊特领域,0,0,0,10,100,ref_buff=3152,使自身获得[ffbb33]【伊特领域】[-]
11070,伊特光环,0,2,65,15,95,none,具有[ffbb33]【伊特领域】[-]时必定暴击
11071,伊特截击,0,1,65,15,95,none,具有[ffbb33]【伊特领域】[-]时必定暴击
11072,翼击,6,1,40,0,95,none,用坚实有力的翅膀拍打对手
11073,尘埃,8,2,60,5,95,none,攻击克制系精灵伤害翻倍
11074,长啸,0,0,0,10,100,none,发出高亢悠远的啼鸣提升自身的物攻
11075,双凫乘雁,4,1,80,10,95,ref_buff=3153,获得[ffbb33]【双凫】[-]状态
11076,寒江东陵,2,1,90,15,95,none,攻击后当回合技能威力增加45
11077,玄冥齐物,6,2,80,20,95,none,清除对手能力强化
11078,海天一色,2,0,0,20,100,none,强化自身双防1级
11079,百千朝宗,6,1,80,20,95,none,第二次行动会清除对手所有回合数低于3的回合类印记
11080,碧海沧流,2,1,100,25,95,priority=1,碧海沧流快速涌动
11081,南冥,6,0,0,25,100,none,5回合内免疫并反馈异常状态
11082,日月祥光,0,0,0,10,100,none,使双方损失100体力[ENDL]双精灵对战中，对手的另一位精灵也会损失100体力
11083,云开衡岳,6,2,100,20,1100,none,必中。消除对手10点怒气
11084,天道无极,6,100,170,100,1100,none,必中。克制系数为水、飞行、风系之中较高者
11085,化羽垂天,6,0,0,25,100,ref_buff=3154,获得[ffbb33]【化羽】[-]状态3回合
11086,击水三千,2,1,120,35,95,ref_buff=1000,使对手[ffbb33]【溺水】[-]3回合
11087,抟风九万,4,2,100,20,95,ref_buff=105,35%使对手[ffbb33]【昏迷】[-]2回合
11088,振鳞横海,6,2,130,35,95,none,造成的伤害低于200则会强化自身特攻1级
11089,铁牙,21,2,90,15,95,ref_buff=1004[40],使对手[ffbb33]【流血】[-]3回合
11090,武装,21,0,0,10,100,none,武装自己以提升物攻
11091,巡航飞弹,21,1,55,15,95,priority=1,巡航飞弹瞬间袭向对手
11092,东风巨炮,21,1,125,25,95,none,发射东风巨炮轰向对手
11093,钢铁之魂,21,1,100,20,1100,none,必中。消除自身能力强化。每级强化增加15点威力，最高增加90点。
11094,超荷,0,2,90,15,95,ignore_powerdown=true&ignore_powerup=true,无视自身攻击类弱化[ENDL]无视对手防御类强化
11095,钢甲百裂袭,21,100,170,100,1100,none,必中。造成的伤害不低于技能威力
11096,钢之领域,21,0,0,10,100,ref_buff=3155/3156,使自身获得[ffbb33]【钢之领域】[-][ENDL]具有[ffbb33]【伊特领域】[-]时额外获得[ffbb33]【钢铁领域】[-]
11097,合金利爪,21,1,50,20,95,none,具有[ffbb33]【钢之领域】[-]时威力2倍[ENDL]具有[ffbb33]【钢铁领域】[-]时随机强化物攻或物防1级
11098,全副武装,21,0,0,30,100,ref_buff=31[100],花费一段时间全副武装[ENDL]立即获得100点[ffbb33]【护盾】[-][ENDL]下回合结束时强化自身全能力1级（强化效果连续使用无效）
11099,伊特大乱斗,0,100,30,100,1100,second_super=true,战伊特和钢伊特各自率领伊特部队进行乱斗攻击[ENDL]必中。连击9次
11100,战斗截击,11,1,60,15,95,priority=1,具有[ffbb33]【伊特领域】[-]、[ffbb33]【战之领域】[-]或[ffbb33]【战斗领域】[-]时威力增加25点
11101,战斗之气,11,2,80,15,95,none,消除对手物防强化[ENDL]怒气低于30时额外弱化对手物防1级
11102,逆战,11,1,90,20,1100,none,必中。属性相克系数不会低于1
11103,战斗达人,11,0,0,20,100,none,强化自身物攻1级并恢复自身1/6体力
11104,斗战之魂,11,1,100,20,1100,none,必中。消耗自身全部怒气附加等量固定伤害
11105,死斗,11,1,100,20,95,none,古战场环境下恢复自身30点怒气
11106,战狂闪空破,11,100,170,100,1100,none,必中。强化自身物攻1级
11107,战之领域,11,0,0,10,100,ref_buff=3159/3160,使自身获得[ffbb33]【战之领域】[-][ENDL]具有[ffbb33]【伊特领域】[-]时额外获得[ffbb33]【战斗领域】[-]
11108,狂战,11,1,50,20,95,none,具有[ffbb33]【战之领域】[-]时威力2倍[ENDL]具有[ffbb33]【战斗领域】[-]时造成的伤害增加50%并强化自身速度1级
11109,决战之地,11,0,0,20,100,none,使环境转换为古战场
11110,蒸气,4,2,60,5,95,none,将蒸汽糊在对方脸上
11111,蒸发,4,0,0,10,100,none,强化自身速度1级
11112,气态化,0,2,65,10,95,ref_buff=3161,获得[ffbb33]【气态化】[-]状态
11113,高温蒸气,4,2,25,15,95,none,连击3次。每次连击20%机率弱化对方特防1级
11114,汽化热,0,0,0,15,100,ref_buff=3162,降低自身540点体力上限并获得[ffbb33]【汽化热】[-]状态
11115,高压蒸气,4,1,25,15,95,none,行动3次。每次行动20%机率弱化对方物防1级
11116,沸腾,4,0,0,15,100,ref_buff=94,使双方获得[ffbb33]【能力反转】[-]状态5回合
11117,高温水汽,4,2,55,15,95,priority=1,连续使用时连击2次
11118,高压水汽,4,1,55,15,95,priority=1,连续使用时行动2次
11119,蒸馏,0,0,0,20,100,none,5回合内免疫异常状态
11120,蒸气浴,4,1,140,40,1100,ref_buff=1005,必中。消除对手能力强化[ENDL]消除失败时使对手当回合[ffbb33]【恶心】[-]
11121,蒸气浴（消强失败）,4,1,140,40,1100,ref_buff=1005,使对手当回合[ffbb33]【恶心】[-]
11122,来去无踪,4,100,165,100,1100,none,闪避下一次攻击
11123,大风吹,4,2,140,40,1100,none,必中。回合结束时强迫对手随机换场（对手剩下单精灵时无效）
11124,昇华,4,0,0,20,100,none,强化自身双攻1级
11125,理想气体,0,0,0,0,100,ref_buff=3163,恢复自身1/8体力[ENDL]使双方获得[ffbb33]【理想气体】[-]状态3回合
11126,三相循环,0,100,85,100,1100,none,必中。行动3次。额外行动仅需消耗15怒气[ENDL]首次行动为水系技能，第二次为风系技能，第三次为冰系技能
11127,攫取,0,0,0,10,100,none,吸取对手50点体力和50点最大体力[ENDL]连续使用无效
11128,蛇影缠绕,10,2,75,15,95,none,体力高于对手时威力增加50
11129,无空星祭,0,1,85,15,95,none,解除自身能力下降状态
11130,天蛇坠梦,10,0,0,25,85,ref_buff=106,使对手[ffbb33]【睡眠】[-]2回合
11131,释铭业舞,10,2,85,20,95,none,对手处于[ffbb33]【中毒】[-]或[ffbb33]【睡眠】[-]状态时威力2倍
11132,穹银化羽,10,2,115,25,1100,none,必中。恢复造成伤害1/4的体力
11133,蛟刻,10,0,0,20,100,none,弱化对手特攻和特防1级[ENDL]体力高于对手时额外弱化对手物防1级
11134,灵蛇烈焰,3,0,0,25,100,ref_buff=27,获得[ffbb33]【暴击】[-]2回合
11135,三途无叹,10,100,170,100,1100,none,必中[ENDL]最大体力高于对手时附带双方最大体力差值一半的固定伤害
11136,水蛇狂暴,2,2,90,15,95,none,暴击时吸取对手60点体力
11137,草蛇乱舞,1,1,90,15,95,none,暴击时造成的伤害翻倍
11138,机能星光,21,2,90,15,95,none,暴击时吸取对手20点怒气
11139,狂蛇地陵袭,8,1,90,15,95,none,暴击时随机吸取对手1项能力1级
11140,闪光球,13,2,70,15,95,ref_buff=1006,先出手时使对手[ffbb33]【失明】[-]2回合
11141,闪光切,13,1,75,15,95,none,先出手时威力2倍
11142,聚光,13,0,0,10,100,none,强化自身物攻1级
11143,净化之光,13,0,0,15,100,none,消除对手能力强化
11144,光辉之影,13,1,100,20,1100,none,必中。使对手下回合后制-1
11145,光速切,13,1,60,15,95,priority=1,以光速来攻击对手
11146,终极闪光炮,13,100,170,100,1100,none,必中。恢复自身1/6体力
11147,光之领域,13,0,0,10,100,ref_buff=3165/3166,使自身获得[ffbb33]【光之领域】[-][ENDL]具有[ffbb33]【伊特领域】[-]时额外获得[ffbb33]【光辉领域】[-]
11148,光辉乱舞,13,1,50,20,95,none,具有[ffbb33]【光之领域】[-]时威力2倍[ENDL]具有[ffbb33]【光辉领域】[-]时恢复自身1/4体力
11149,白光切,0,1,80,20,95,none,先出手时必定暴击
11150,光影幻象,0,100,125,100,1100,second_super=true,光伊特与暗伊特共同交织出的特殊幻象[ENDL]必中。连击2次
11151,恐惧之念,15,1,70,10,95,ref_buff=3167/110,使对手获得1层[ffbb33]【恐惧之念】[-]
11152,影刃,15,2,75,15,95,none,对手具有[ffbb33]【恐惧之念】[-]时威力增加50
11153,黑暗,15,0,0,10,100,none,降低对手的速度并使其命中率下降15%
11154,恶作剧,15,0,0,10,100,none,弱化对手特防1级
11155,暗影之光,15,2,100,20,1100,ref_buff=3168,必中。使对手获得[ffbb33]【暗影之光】[-]状态
11156,破刃,0,2,100,20,95,none,对手具有2层以上的[ffbb33]【恐惧之念】[-]时必定暴击
11157,灰暗协奏曲,15,100,170,100,1100,none,必中。附加对手损失体力1/8的固定伤害，最高不超过自身最大体力的1/8
11158,暗之领域,15,0,0,10,100,ref_buff=3169/3170,使自身获得[ffbb33]【暗之领域】[-][ENDL]具有[ffbb33]【伊特领域】[-]时额外获得[ffbb33]【暗影领域】[-]
11159,暗影之舞,15,2,50,20,95,none,具有[ffbb33]【暗之领域】[-]时威力2倍[ENDL]具有[ffbb33]【暗影领域】[-]时强化自身双攻1级
11160,邪念,15,0,0,20,100,none,弱化对手双防1级
11161,黑寂,15,2,60,5,95,none,在黑寂中给对手重击
11162,暗灵,15,0,0,10,100,none,强化自身物攻1级
11163,记恨,15,1,70,10,95,ref_buff=3171,使自身获得[ffbb33]【记恨】[-]
11164,黑袭,15,1,75,15,95,none,未暴击时伤害增加60%
11165,吮袭,15,1,85,20,95,none,未暴击时恢复造成伤害1/2的体力
11166,诋毁,15,2,80,20,95,ref_buff=3173,使对手获得[ffbb33]【诋毁】[-]
11167,嫉妒,15,1,75,15,95,none,清除对手物防强化
11168,紧张,15,0,0,10,100,none,强化自身速度1级
11169,痛恨,0,1,105,25,95,ref_buff=1020,使对手获得[ffbb33]【药剂反噬】[-]3回合
11170,急迫,15,1,55,15,95,priority=1,迫切想要攻击对手
11171,恨之入骨,15,100,165,100,1100,ref_buff=1004[30],必中。未暴击时使对手[ffbb33]【流血】[-]3回合
11172,暗杀,15,1,110,25,1100,critical=35,尝试暗杀对手。必中
11173,鬼力,15,0,0,20,100,none,强化自身双防1级
11174,超越,15,1,100,20,95,none,击败对手时恢复自身对手战败前的体力
11175,压抑,15,1,30,35,95,none,连击数等同对手存活精灵数
11176,蛇睛,9,0,0,10,100,none,强化自身特攻1级
11177,冰冷毒牙,9,1,65,10,95,ref_buff=3174,使对手获得[ffbb33]【毒牙】[-]
11178,强化毒液,9,2,75,15,95,ref_buff=1003,对手具有[ffbb33]【毒牙】[-]时使对手[ffbb33]【中毒】[-]3回合
11179,毒液攻击,9,1,85,15,95,none,对手[ffbb33]【中毒】[-]时伤害增加50%
11180,急速蛇影,9,0,0,10,100,none,强化自身速度1级
11181,毒液强袭,9,1,80,15,95,none,对手具有[ffbb33]【毒牙】[-]时威力增加50点
11182,缠绕重击,9,2,100,20,1100,none,先将对手缠绕再猛烈攻击对手。必中
11183,百年冰晶,9,0,0,10,100,none,强化自身物攻1级[ENDL]对手具有[ffbb33]【毒牙】[-]时额外强化特防1级
11184,致命毒信,9,2,55,15,95,priority=1,使用致命的蛇信突然攻击对手
11185,极寒牙袭,9,2,85,15,95,none,对手[ffbb33]【中毒】[-]时弱化对手特防1级
11186,百蛇寒冰牙,9,100,170,100,1100,none,必中。强化自身速度1级
11187,寒冰蛇肤,9,0,0,15,100,none,使自身免疫能力下降5回合
11188,夺命突袭,9,1,120,25,95,none,对手具有[ffbb33]【毒牙】[-]时增加30威力[ENDL]对手[ffbb33]【中毒】[-]时增加30威力
11189,夺命蛇舞,9,1,90,15,95,none,自身体力低于1/4时必定暴击
11190,百年蜕变,9,2,85,15,95,none,解除自身的不良
11191,幻击,10,2,60,5,95,none,幻化成虚幻的身影攻击对手
11192,冷血,9,0,0,10,100,none,强化自身双攻1级
11193,刺骨冰牙,9,1,75,15,95,ref_buff=1003,使对手[ffbb33]【中毒】[-]3回合
11194,幻化之触,10,2,75,15,95,ref_buff=1004[50],使对手[ffbb33]【流血】[-]3回合
11195,锐化冰晶,9,1,75,15,95,ref_buff=1002,使对手[ffbb33]【冻伤】[-]3回合
11196,寒冰反击,9,1,85,20,95,none,后出手时附带对手当前技能的威力
11197,致命缠绕,10,2,85,20,95,none,先出手时暴击率增加70%
11198,冰棱镜,9,0,0,20,100,ref_buff=3175,恢复自身1/4体力并获得[ffbb33]【冰棱镜】[-]4回合
11199,千年冰晶,9,1,95,20,95,critical=35&ref_buff=109,35%使对手[ffbb33]【冰冻】[-]2回合
11200,幻凌之刺,10,2,95,20,95,critical=35&ref_buff=106,35%使对手[ffbb33]【睡眠】[-]2回合
11201,寒冰护体,9,0,0,20,100,none,解除自身能力下降。解除自身不良。5回合内免疫异常状态。
11202,千蛇魅影爪,9,100,175,100,1100,none,必中。3回合内提升15%效果触发率
11203,致命蛇影,9,1,105,25,1100,none,必中。对手每拥有1项异常状态或不良状态就会额外行动1次
11204,冰凌甲,9,0,0,40,100,ref_buff=3176,强化自身双攻、双防1级并获得[ffbb33]【冰凌甲】[-]3回合
11205,寒冰利爪,9,1,55,15,95,priority=2,挥舞锋利的冰爪如疾影般攻击对手[ENDL]背包中每携带1只冰系或超能系精灵使威力增加5点（只计算主属性）
11206,寒冰蜕变,10,2,105,25,1100,ref_buff=3177,必中。清除自身所有印记并使自身体力转变为最大体力[ENDL]整场战斗只能发动一次
11207,暗化,15,0,0,10,100,none,强化自身特攻1级
11208,暗袭,15,2,75,10,95,ref_buff=3178,使自身获得1层[ffbb33]【暗物质】[-]
11209,暗剃,15,1,85,15,95,none,消耗1层[ffbb33]【暗物质】[-]弱化对手特防1级
11210,暗刺,15,2,90,20,95,critical=35,用黑暗之刺攻击对手
11211,夜幕,15,0,0,20,100,none,使环境转变为夜幕
11212,暗炎,15,1,85,15,95,none,消耗1层[ffbb33]【暗物质】[-]使威力增加50
11213,鞭炮炸裂,15,2,95,20,95,ref_buff=1004[40],夜幕时使对手[ffbb33]【流血】[-]3回合
11214,暗之光,15,0,0,20,100,ref_buff=3178,恢复自身最大体力的1/4[ENDL]夜幕时额外获得1层[ffbb33]【暗物质】[-]
11215,暗之伤,15,2,100,20,95,critical=25,消耗2层[ffbb33]【暗物质】[-]必定暴击
11216,暗之水,15,0,0,20,100,none,解除自身不良[ENDL]夜幕时额外解除自身能力下降
11217,暗夜瞬杀,15,100,170,100,100,none,从黑暗中扑杀对手[ENDL]5%秒杀对手
11218,至黑一击,15,2,120,20,70,critical=15,在极致的黑暗中打出一击[ENDL]夜幕时必中
11219,暗之衣,15,2,50,20,95,none,清除对手速度强化[ENDL]夜幕时反转对手速度强化
11220,影缝,0,0,0,25,100,ref_buff=3178,使自身获得1层[ffbb33]【暗物质】[-]并闪避对手下一次攻击
11221,异界黑暗,0,0,0,15,100,priority=1&ref_buff=3001/27,使自身获得[ffbb33]【易伤】[-]2回合[ENDL]使自身获得[ffbb33]【暴击】[-]2回合
11222,冰锥,9,2,60,5,95,none,将冰锥射向对手
11223,寒冰坚韧,9,2,65,10,95,ref_buff=3281,使自身获得[ffbb33]【寒冰坚韧】[-]
11224,冻气冲撞,9,1,80,15,95,ref_buff=1002,具有[ffbb33]【寒冰坚韧】[-]时使对手[ffbb33]【冻伤】[-]3回合
11225,冰雨,9,2,75,15,95,none,后出手时威力2倍
11226,急速冰锥,9,2,60,15,95,priority=1,将冰锥快速射向对手
11227,冰冻冲撞,9,1,80,20,95,none,后出手时威力2倍
11228,冰雹,9,2,100,20,95,none,具有[ffbb33]【寒冰坚韧】[-]时增加40点威力
11229,冰河时代,9,100,165,100,1100,ref_buff=3281,必中。使自身获得[ffbb33]【寒冰坚韧】[-]
11230,寒冷之气,9,2,85,15,95,none,对手[ffbb33]【冻伤】[-]时威力2倍
11231,冰锥雨,9,2,80,15,95,none,后出手时威力2倍
11232,冰冷一击,9,1,105,25,95,none,具有[ffbb33]【寒冰坚韧】[-]时附加60点伤害
11233,冰冷皮肤,9,0,0,15,100,none,使自身免疫不良5回合
11234,冻气强化,9,0,0,10,100,none,强化自身特攻1级
11235,冻气附体,9,0,0,10,100,ref_buff=3282,使自身获得[ffbb33]【冻气附体】[-]
11236,冻气冲击,9,2,70,10,95,none,具有[ffbb33]【冻气附体】[-]时恢复自身损失体力的1/5
11237,冻气冲锋,0,1,75,15,95,none,具有[ffbb33]【冻气附体】[-]时暴击率增加50% 暴击伤害增加25%
11238,冻气深结,9,2,65,15,95,ref_buff=109,10%使对手[ffbb33]【冰冻】[-]2回合[ENDL]具有[ffbb33]【冻气附体】[-]时效果4倍
11239,冻气贯穿,9,1,65,15,95,none,最大体力高于对手时暴击率提升95%
11240,凝聚冻气,9,0,0,20,100,none,5回合内每回合恢复自身1/8体力
11241,冻气喷射,9,2,70,20,95,none,附加（最大体力-500）点威力，附加威力最高不超过150点
11242,冻气撕裂,9,2,65,15,95,ref_buff=1004[60],最大体力高于对手时使对手[ffbb33]【流血】[-]3回合
11243,反射龟壳,9,0,0,20,95,ref_buff=3283,使自身获得[ffbb33]【反射龟壳】[-]3回合
11244,无限冰结,9,100,165,100,1100,ref_buff=1002,必中。使对手[ffbb33]【冻伤】[-]3回合
11245,寒冷冻气,9,2,80,20,95,none,对手[ffbb33]【冰冻】[-]时威力2倍
11246,寒冰护甲,9,0,0,20,100,ref_buff=3286,使自身获得[ffbb33]【寒冰护甲】[-]
11247,寒冰爆发,9,2,65,15,95,none,附加（最大体力-500）的固伤，最多附加200点
11248,寒冰突击,9,1,80,15,95,none,具有[ffbb33]【冻气附体】[-]时暴击率增加65%
11249,冰球,9,2,60,5,95,none,向对手丢掷冰球
11250,安抚之触,9,1,65,15,95,ref_buff=3287,使对手获得[ffbb33]【安抚】[-]
11251,飞雪,9,2,80,15,95,ref_buff=1002,对手具有[ffbb33]【安抚】[-]时使对手[ffbb33]【冻伤】[-]
11252,护身,0,0,0,10,100,none,强化自身特防1级
11253,寒冷之触,9,1,80,15,95,ref_buff=3288,先出手时使对手获得[ffbb33]【心灵制约】[-]
11254,雪花飞舞,9,2,90,15,90,none,对手具有[ffbb33]【安抚】[-]时必中
11255,雪之外衣,9,0,0,20,100,ref_buff=3289,使自身获得[ffbb33]【雪之外衣】[-]
11256,冰冻之触,9,1,85,15,95,ref_buff=3001,足以冰冻一切的触摸[ENDL]使对手[ffbb33]【易伤】[-]
11257,袖白雪,9,2,100,20,95,none,对手具有[ffbb33]【安抚】[-]时附加50点固伤
11258,冰封记忆,9,0,0,10,100,ref_buff=3291,强化自身速度1级并获得[ffbb33]【冰封记忆】[-]
11259,冰雪世纪,9,100,170,100,1100,none,必中。20%强化自身速度1级
11260,雪姬悲歌,9,0,0,20,100,none,雪姬吟唱起悲歌[ENDL]使环境转换为暴风雪[ENDL]暴风雪环境下强化自身特攻1级
11261,烈闪突击,0,2,75,15,95,priority=1,烈闪突击对手
11262,集气冲击,0,2,105,15,1100,critical=35,必中
11263,凝聚光波,0,2,120,20,95,none,对手具有[ffbb33]【安抚】[-]时必中
11264,坚韧,0,0,0,20,100,none,强化自身双防1级
11265,全力猛击,0,1,100,20,90,none,10%强化自身物攻1级
11266,踩踏,0,1,35,0,95,none,连续踩踏对手
11267,投掷,0,2,60,5,95,none,投掷物品攻击对手
11268,坚定,0,0,0,10,100,none,强化自身物攻1级
11269,幻想世界,0,0,0,10,100,ref_buff=3297,使自身获得2层[ffbb33]【幻想】[-]
11270,化冰,9,1,70,15,95,none,消耗1层[ffbb33]【幻想】[-]连击2次
11271,化雪,9,1,85,15,95,ref_buff=1002,消耗1层[ffbb33]【幻想】[-]使对手[ffbb33]【冻伤】[-]
11272,幻想之影,0,2,85,15,95,none,消耗1层[ffbb33]【幻想】[-]强化自身特攻1级
11273,晚安,0,0,0,20,100,ref_buff=3298,使自身获得[ffbb33]【晚安】[-]
11274,幻想之形,9,2,95,15,95,none,具有[ffbb33]【幻想】[-]时必中
11275,心锁,0,0,0,20,100,priority=1&ref_buff=3285[25],封闭自己的心灵[ENDL]使自身获得25点[ffbb33]【反射】[-]
11276,幻想之水,2,2,95,20,95,ref_buff=1000,消耗1层[ffbb33]【幻想】[-]45%使对手[ffbb33]【溺水】[-]
11277,爆冰,9,2,110,25,1100,none,必中。暴击时恢复自身20点怒气
11278,幻想之念,0,2,90,20,95,none,消耗1层[ffbb33]【幻想】[-]强化自身物防1级
11279,真假冰棱镜,9,100,160,100,1100,ref_buff=3297/3299,必中。使自身获得2层[ffbb33]【幻想】[-]和[ffbb33]【真实幻想】[-]
11280,化雾,9,1,50,20,95,none,消耗1层[ffbb33]【幻想】[-]连击4~5次
11281,幻想之灵,9,2,100,20,95,none,消耗1层[ffbb33]【幻想】[-]强化自身特防1级
11282,坚定不移,9,0,0,20,100,none,强化自身双攻1级
11283,逃避,0,0,0,25,100,ref_buff=33,使自身获得[ffbb33]【吸收】[-]
11284,掷冰,9,2,60,5,95,none,投掷冰块攻击对手
11285,寒冰咆哮,9,2,65,15,95,none,对手体力低于1/2时弱化对手特防1级
11286,野蛮冲击,0,1,75,15,95,none,后出手时弱化对手物防1级
11287,寒冰蚀骨,9,1,85,15,95,none,附加对手最大体力1/8的固定伤害，最高不超过自身最大体力的1/8
11288,怪笑,9,0,0,10,100,none,弱化对手物防1级
11289,碎裂拍击,9,1,75,15,95,none,对手体力低于1/2时威力2倍
11290,先祖冰魂,9,2,85,15,95,ref_buff=3300,使对手获得[ffbb33]【先祖冰魂】[-]
11291,寒冰吐息,9,2,65,20,95,ref_buff=1002,75%使对手[ffbb33]【冻伤】[-]
11292,冰沁血脉,9,0,0,20,100,none,恢复自身损失体力的1/2
11293,疯狂猛击,0,1,80,15,95,none,对手体力低于1/2时威力2倍
11294,冰原碎裂击,9,100,165,100,1100,critical=35,必中。用足以碎裂冰原的怪力猛击对手
11295,寒冰销魂,9,2,80,20,95,none,后出手时附加对手损失体力1/4的固定伤害，最高不超过自身最大体力的1/4
11296,蛮熊之力,9,1,80,20,95,none,后出手时强化自身物攻1级
11297,巨力践踏,0,1,85,20,95,none,清除对手双防强化
11298,怪笑奔袭,0,1,75,15,95,priority=1,带着怪笑一路奔袭
11299,圆顶一击,9,1,80,10,95,none,对手每级特防强化威力增加40
11300,踢雪球,9,2,85,15,95,ref_buff=1002,75%使对手[ffbb33]【冻伤】[-][ENDL]自身具有[ffbb33]【雪球】[-]时100%使对手[ffbb33]【冻伤】[-]
11301,冰之砾,9,2,30,20,95,none,连击3~5次
11302,保暖,9,0,0,10,100,none,强化自身特防1级
11303,冰旋一击,9,1,85,10,95,none,对手每级特攻强化威力增加40
11304,回家吃饭,0,0,0,20,100,ref_buff=3301,使自身获得[ffbb33]【回家吃饭】[-]
11305,冰雪冲击,9,2,80,10,95,none,对手每级物防强化威力增加40
11306,巨型雪球,9,2,100,20,95,ref_buff=1002,35%使对手[ffbb33]【冻伤】[-][ENDL]自身具有[ffbb33]【雪球】[-]时100%使对手[ffbb33]【冻伤】[-]
11307,霜冻冲击,9,2,85,10,95,none,对手每级物攻强化威力增加40
11308,冰霜大雪球,9,100,165,100,1100,ref_buff=1002,必中。20%使对手[ffbb33]【冻伤】[-]
11309,同感音调,9,2,90,20,95,none,双方怒气差≤20时清除对手强化
11310,冰弧之舞,9,2,90,20,95,none,对手[ffbb33]【冻伤】[-]时强化自身速度1级
11311,极速一击,0,2,75,15,95,priority=1,对手每层速度强化威力增加40
11312,驱逐寒意,0,1,70,15,95,none,清除对手双攻强化[ENDL]对手[ffbb33]【冻伤】[-]时弱化对手双攻1级
11313,雪能凝聚,9,0,0,10,100,none,强化自身特攻1级
11314,盗取,9,1,60,10,95,none,30%吞噬对手1项能力提升（可能会吞噬到没有强化的能力）
11315,暗施冷箭,9,2,70,10,95,none,首次使用威力2倍
11316,烟雾弹,9,2,75,15,95,ref_buff=21,使对手命中率下降15%
11317,攻其不备,9,1,70,10,95,none,首次使用威力2倍
11318,毒喷雾,9,1,70,15,95,ref_buff=1003,50%使对手[ffbb33]【中毒】[-]，首次使用必定[ffbb33]【中毒】[-]
11319,声东击西,9,2,85,15,95,none,首次使用弱化对手速度1级
11320,飞奔,0,0,0,10,100,none,强化自身速度1级
11321,钉子陷阱,0,1,75,15,95,ref_buff=3303,使对手获得[ffbb33]【钉子陷阱】[-]
11322,暗藏玄机,9,1,80,15,95,none,附加40点固伤，首次使用效果2倍
11323,迷雾陷阱,0,2,80,15,95,ref_buff=3305,使对手获得[ffbb33]【迷雾陷阱】[-]
11324,逍遥法外,9,100,160,100,1100,none,必中。解除自身的能力下降
11325,胆大包天,9,1,95,20,95,none,首次使用强化自身物攻1级
11326,预谋,0,0,0,20,100,none,恢复自身最大体力的1/4[ENDL]重置所有技能首次使用次数
11327,明目张胆,9,1,90,20,95,none,首次使用先制+1
11328,投降,0,0,0,0,100,none,首次使用清空双方怒气
11329,鬼炼,15,0,0,10,100,none,将魔鬼提炼成力量[ENDL]使自身特攻提升
11330,猎魔血印,15,2,70,10,95,ref_buff=3179,使对手获得[ffbb33]【猎魔血印】[-]
11331,剪切,0,2,75,15,95,none,剪切对手的灵魂[ENDL]对手具有[ffbb33]【猎魔血印】[-]时造成的伤害提高50%
11332,吸取灵魂,15,2,85,20,95,none,吸取对手的灵魂[ENDL]将本回合对手[ffbb33]【猎魔血印】[-]失去的体力吸取到自身身上
11333,黑暗弹幕,15,2,45,20,95,none,连击2~3次
11334,魔眼冲击,15,2,95,25,95,none,使自身能力强化上限提升至7级
11335,影移,15,0,0,10,100,none,像影子一般移动[ENDL]使自身速度提升
11336,释放恶魔,15,0,0,15,100,ref_buff=93,获得[ffbb33]【血液反噬】[-]3回合
11337,猎魔煞影,15,2,55,15,95,priority=1,对手具有[ffbb33]【猎魔血印】[-]时必中
11338,暗影寄生,15,1,100,20,95,ref_buff=57,使对手获得[ffbb33]【禁疗】[-]5回合
11339,恶魔审判日,15,100,170,100,95,ref_buff=110,使对手获得[ffbb33]【恐惧】[-]3回合
11340,恐怖光环,15,2,100,25,95,none,释放恐怖的光环[ENDL]对手能力强化总和高于自身时威力增加50
11341,暗影牢笼,15,2,90,20,95,ref_buff=116,将对手关进暗影牢笼之中[ENDL]30%使对手获得[ffbb33]【术牢】[-]2回合
11342,魔祭,15,0,0,20,100,none,随机使对手背包中的另1只精灵的随机两项能力降低1级
11343,食魔,15,2,90,20,95,none,击败对手将随机提升自身一项能力
11344,怒爪,16,1,60,5,95,none,愤怒的挥舞爪子
11345,狂吼,11,2,60,5,95,none,发出疯狂的吼叫
11346,斗龙破,16,1,70,10,95,none,破甲值高于100时威力增加50
11347,战意屏障,11,0,0,15,100,ref_buff=3181,使自身获得[ffbb33]【战意屏障】[-]5回合
11348,战龙气息,16,2,100,20,95,none,恢复造成伤害1/4的体力
11349,龙之怒吼,11,2,85,20,95,ref_buff=102,消耗150点破甲使对手[ffbb33]【害怕】[-]2回合
11350,斗龙切裂,16,1,90,20,95,none,破甲值高于200时附带55点固定伤害
11351,战龙暴怒,11,2,85,15,95,none,破甲值低于200时恢复15点怒气
11352,战龙爆袭,0,1,90,20,95,none,破甲值高于250时造成的伤害增加60%
11353,战龙速击,0,1,100,20,95,none,破甲值高于300时先制+1
11354,龙啸灭九天,16,100,165,100,1100,none,必中。消耗400点破甲值附带160点固定伤害
11355,狂龙瞬步,11,1,80,25,95,none,破甲值高于350时提升自身速度
11356,狂龙之志,16,0,0,20,100,none,强化自身物攻和物防1级并获得50点破甲值
11357,狂龙震怒,11,2,85,25,95,none,破甲值低于350时必定暴击
11358,狂龙利刃,11,1,80,25,95,none,破甲值高于350时威力2倍
11359,扑杀,0,1,50,0,95,none,向对手扑杀过去
11360,冰封,9,2,65,5,95,none,使对手的血液冰封
11361,至寒,9,0,0,10,100,none,至寒的温度使自身物攻提升
11362,沁灵冻结,9,1,70,20,95,priority=1&ref_buff=109,30%使对手[ffbb33]【冰冻】[-]2回合[ENDL]对手任意单项强化高于2级时必定[ffbb33]【冰冻】[-]
11363,寒冰劫难,9,1,90,20,95,none,使对手陷入寒冰的劫难[ENDL]对手[ffbb33]【冰冻】[-]时必定暴击
11364,寒风刺骨,9,0,0,15,100,none,使环境转变为暴风雪
11365,寒冰锥,9,2,90,20,95,none,弱化自身速度1级并附带100点固定伤害
11366,寒冰血刺,9,1,85,20,95,ref_buff=1004[50],使对手[ffbb33]【流血】[-]3回合[ENDL]对手已经处于[ffbb33]【流血】[-]状态时回复自身50体力
11367,霜灵,9,0,0,20,100,ref_buff=14/3182,使自身获得[ffbb33]【免疫异常】[-]和[ffbb33]【霜灵】[-]5回合
11368,血脉冻结,9,1,100,20,95,ref_buff=57/58,使对手获得[ffbb33]【禁疗】[-]和[ffbb33]【镇静】[-]5回合
11369,如履薄冰,9,0,0,10,100,none,弱化对手速度1级
11370,冰冻空间,9,1,115,25,1100,none,创造出一片冰冻的空间隔绝周围的环境[ENDL]必中。清除环境效果并使当前场地失效（被更换后会重新生效）
11371,天寒地冻,9,100,175,100,1100,none,令整片空间乃至时间都陷入冻结[ENDL]必中。延长双方所有印记效果1回合[ENDL]本回合对手的主动换场会延迟至回合结束生效
11372,沁灵觉醒,9,0,0,20,100,none,强化自身物攻和特防1级
11373,沁灵之息,9,2,90,20,95,none,解除自身能力下降。每1级能力下降会恢复自身1/6体力
11374,沁灵之影,9,1,70,20,95,ref_buff=1002,70%使对手[ffbb33]【冻伤】[-]3回合，否则提升自身速度1级[ENDL]对手已有[ffbb33]【冻伤】[-]时必定提升自身速度1级
11375,神沁,0,100,200,100,1100,none,精灵王之心的象征[ENDL]必中。造成的伤害不低于200
11376,正义之火,0,0,0,15,100,none,强化自身物防1级[ENDL]具有[ffbb33]【圣光】[-]时额外强化特防1级
11377,圣光之名,13,1,65,15,95,priority=1&ref_buff=3184,使自身获得[ffbb33]【圣光】[-]
11378,十字光冲,13,2,75,15,95,none,具有[ffbb33]【圣光】[-]时伤害增加50%
11379,惩戒之光,13,1,90,20,95,none,具有[ffbb33]【圣光】[-]时附加当前特攻值15%的固定伤害
11380,庇护之火,0,0,0,20,100,ref_buff=73[50],恢复自身1/8体力并获得[ffbb33]【格挡】[-]5回合
11381,圣光洗礼,13,1,85,15,95,none,接受圣光的洗礼以清除自身的不良状态
11382,公正光冲,13,2,85,15,95,none,使对手无法强化3回合
11383,复仇光冲,13,2,90,25,95,none,背包内的其他精灵全部阵亡时威力2倍
11384,征伐之火,0,0,0,15,100,ref_buff=3185,使自身获得[ffbb33]【征伐之火】[-]3回合
11385,圣佑之火,0,0,0,20,100,ref_buff=16,恢复自身1/8体力并获得[ffbb33]【柔化】[-]5回合
11386,荣耀的圣战,13,100,170,100,1100,none,必中。具有[ffbb33]【圣光】[-]时随机强化自身物防或特防1级
11387,使命之火,0,0,0,20,100,none,5回合内免疫异常状态
11388,审判光冲,0,2,100,25,1100,none,必中。具有[ffbb33]【圣光】[-]时附加当前物攻值15%的固定伤害
11389,拯救之火,0,0,0,20,100,none,恢复对手100点体力并减少其35点怒气
11390,救赎之火,0,0,0,15,100,ref_buff=3186,使自身获得[ffbb33]【救赎之火】[-]
11391,奋战之火,0,0,0,15,100,none,强化自身物攻1级[ENDL]具有[ffbb33]【歃血】[-]时额外强化自身特防1级
11392,歃血之义,13,1,65,15,95,priority=1&ref_buff=3187,使自身获得[ffbb33]【歃血】[-]
11393,十字光切,13,1,75,15,95,none,具有[ffbb33]【歃血】[-]时伤害增加50%
11394,侵蚀之光,13,2,90,20,95,none,具有[ffbb33]【歃血】[-]时无视对手30%特防值
11395,仇视之火,0,0,0,20,100,ref_buff=3188,恢复自身1/8体力并获得[ffbb33]【仇视】[-]5回合
11396,圣光洗涤,13,2,85,15,95,none,接受圣光的洗涤以清除自身的不良状态
11397,不屈光切,13,1,85,15,95,none,使自身获得免疫弱化3回合
11398,杀戮光冲,13,1,90,25,95,none,对手背包内的其他精灵全部阵亡时威力2倍
11399,愤怒之火,0,0,0,15,100,none,3回合内自身暴击率增加15%且暴击伤害增加35%
11400,嫉恶之火,0,0,0,20,100,ref_buff=3189,恢复自身1/8体力并获得[ffbb33]【嫉恶】[-]5回合
11401,仇海的侵袭,13,100,170,100,1100,none,具有[ffbb33]【歃血】[-]时强化自身物攻或特防1级
11402,裁决光冲,0,1,100,25,1100,none,必中。具有[ffbb33]【歃血】[-]时无视对手30%物防值
11403,浴血之火,0,0,0,20,100,none,使双方损失100点体力[ENDL]回复双方35点怒气
11404,处决之火,0,0,0,20,100,ref_buff=3190,使自身获得[ffbb33]【处决之火】[-]
11405,厄运,0,0,0,20,95,none,使对手陷入厄运来降低对手物防和特防[ENDL]对手陷入[ffbb33]【噩梦】[-]时额外使对手效果触发率降低15%
11406,噩梦低语,15,2,65,10,95,ref_buff=3191,使对手陷入[ffbb33]【噩梦】[-]
11407,暗夜之歌,15,1,70,15,95,none,在暗夜中吟唱[ENDL]对手陷入[ffbb33]【噩梦】[-]时50%提升物攻1级
11408,暗夜之舞,15,1,30,20,95,none,在暗夜中舞蹈[ENDL]连击3次。对手陷入[ffbb33]【噩梦】[-]时连击数+1
11409,沉默游戏,15,2,70,15,95,group=237&ref_buff=3192,使双方获得[ffbb33]【沉默游戏】[-]3回合
11410,暗夜之速,15,1,90,20,95,none,追赶暗夜的速度[ENDL]对手陷入[ffbb33]【噩梦】[-]时35%提升速度1级
11411,暗夜之泣,15,1,90,20,95,none,弱者在暗夜里哭泣[ENDL]对手陷入[ffbb33]【噩梦】[-]时伤害增加50%
11412,逆转游戏,15,2,70,15,95,group=237&ref_buff=3193,使双方获得[ffbb33]【逆转游戏】[-]3回合
11413,暗夜之潮,15,1,95,20,1100,none,不见天日的暗潮。必中。
11414,禁断噩梦,15,2,80,15,95,none,回复自身30点怒气
11415,噩梦马戏团,15,100,170,100,100,ref_buff=3196,使自身获得[ffbb33]【噩梦马戏团】[-]3回合
11416,禁怒游戏,15,2,70,15,95,group=237&ref_buff=3194,使双方获得[ffbb33]【禁怒游戏】[-]3回合
11417,极限游戏,15,2,70,15,95,group=237&ref_buff=3195,使双方获得[ffbb33]【极限游戏】[-]3回合
11418,无尽噩梦,15,0,0,20,100,none,降低对手的物攻和特攻
11419,好运,15,0,0,20,1100,none,充满噩梦的暗夜中唯一的赢家[ENDL]必中。清除自身能力下降且使自身效果触发率提升15%
99999,測試,19,1,100,0,100,none,測試