id,timing,priority,target,condition,cond_option,effect,effect_option
-7,none,-1,none,none,none,none,none
-6,none,-1,none,none,none,none,none
-5,none,-1,none,none,none,none,none
-4,on_turn_end,-100,state,buff,id=-4&type=turn&turn_cmp=1,win,none
-3,on_turn_ready,-100,skill,none,none,set_skill,type=id&op=SET&value=random[available]&set_anger=true
-2,none,-1,none,none,none,none,none
-1,none,-1,none,none,none,none,none
1,none,-1,none,none,none,none,none
2,none,-1,none,none,none,none,none
3,none,-1,none,none,none,none,none
4,none,-1,none,none,none,none,none
5,none,-1,none,none,none,none,none
6,none,-1,none,none,none,none,none
7,none,-1,none,none,none,none,none
8,none,-1,none,none,none,none,none
9,none,-1,none,none,none,none,none
10,none,-1,none,none,none,none,none
11,on_add_buff\on_remove_buff,-1\-1,pet\pet,none\none,none\none,block_buff\block_buff,op=+&id_list=1/3/5/7/9\op=-&id_list=1/3/5/7/9
12,on_add_buff\on_remove_buff,-1\-1,pet\pet,none\none,none\none,block_buff\block_buff,op=+&id_list=2/4/6/8/10\op=-&id_list=2/4/6/8/10
13,on_add_buff\on_remove_buff,-1\-1,pet\pet,none\none,none\none,block_buff\block_buff,op=+&type_list=unhealthy\op=-&type_list=unhealthy
14,on_add_buff\on_remove_buff,-1\-1,pet\pet,none\none,none\none,block_buff\block_buff,op=+&type_list=abnormal\op=-&type_list=abnormal
15,on_after_dmg_cal,-1,skill,skill,whos_turn=op&who=op&type=type&type_cmp=1,set_damage,who=op&op=*&value=1/2
16,on_after_dmg_cal,-1,skill,skill,whos_turn=op&who=op&type=type&type_cmp=2,set_damage,who=op&op=*&value=1/2
17,on_before_attack,-1,skill,none,none,set_skill,type=accuracy&op=+&value=6000
18,on_add_buff\on_remove_buff,-1\-1,pet\pet,none\none,none\none,add_status\add_status,type=8&add=100\type=8&add=-100
19,on_turn_end,900,pet,none,none,heal,type=buff&add=me.pet.status.maxHp
20,on_turn_end,900,pet,none,none,rage,add=15
21,on_add_buff\on_remove_buff,-1\-1,pet\pet,none\none,none\none,add_status\add_status,type=6&add=-15\type=6&add=15
22,on_add_buff\on_remove_buff,-1\-1,pet\pet,none\none,none\none,add_status\add_status,type=6&add=15\type=6&add=-15
23,on_decide_pri,-1,skill,none,none,set_skill,type=priority&op=+&value=6
24,on_decide_pri,-1,skill,none,none,set_skill,type=priority&op=-&value=6
25,on_final_dmg_cal,1000,skill,skill,whos_turn=op&who=op&type=type&type_cmp=1,set_damage,who=op&op=SET&value=0
26,on_final_dmg_cal,1000,skill,skill,whos_turn=op&who=op&type=type&type_cmp=2,set_damage,who=op&op=SET&value=0
27,on_add_buff\on_remove_buff,-1\-1,pet\pet,none\none,none\none,add_status\add_status,type=7&add=1000\type=7&add=-1000
28,on_after_dmg_cal,-1,skill,skill,type=criticalResult&criticalResult_cmp=1,set_damage,op=*&value=2
29,on_add_buff\on_remove_buff,-1\-1,pet\pet,none\none,none\none,add_status\add_status,status_type=9&add=100\status_type=9&add=-100
30,on_final_dmg_cal,1000,skill,skill,whos_turn=op&who=op&type=criticalResult&criticalResult_cmp=1,set_damage,who=op&op=SET&value=0
31,on_attack\on_attack,-100\-1,pet\skill,skill\skill,whos_turn=op&who=op&whos_attack=op&type=ignoreShield&ignoreShield_cmp=0\whos_turn=op&who=op&whos_attack=op&type=ignoreShield&ignoreShield_cmp=0,set_buff\set_damage,id=31&type=value&op=-&value=op.skill.damage\who=op&op=SET&value=0-value[MAX]0
32,on_final_dmg_cal,-100,skill,skill,whos_turn=op&who=op&type=type&type_op=>&type_cmp=0,set_damage,who=op&op=SET&value=op.skill.damage[MIN]value
33,on_final_dmg_cal\on_after_attack,1000\-1,skill\pet,skill\skill,whos_turn=op&who=op&type=type&type_op=>&type_cmp=0\whos_turn=op&who=op&whos_attack=op&type=type&type_op=>&type_cmp=0,set_damage\remove_buff,who=op&op=SET&value=0\id=33
34,on_final_dmg_cal\on_after_attack,-100\-1,skill\pet,skill\skill,whos_turn=op&who=op&type=type&type_op=>&type_cmp=0\whos_turn=op&who=op&whos_attack=op&type=type&type_op=>&type_cmp=0,set_damage\remove_buff,who=op&op=SET&value=op.skill.damage[MIN]value\id=34
35,on_before_attack\on_after_attack,-1\-1,skill\pet,skill\skill,type=type&type_op=GTE&type_cmp=0\type=type&type_op=GTE&type_cmp=0,set_skill\remove_buff,type=accuracy&op=+&value=1000\id=35
36,on_before_attack\on_after_attack,-1\-1,skill\pet,skill\skill,whos_turn=op&who=op&type=type&type_op=GTE&type_cmp=0\whos_turn=op&who=op&whos_attack=op&is_hit=all&type=type&type_op=GTE&type_cmp=0,set_skill\remove_buff,who=op&type=accuracy&op=-&value=100\id=36
37,on_before_attack\on_after_attack,-1\-1,skill\pet,skill\skill,type=type&type_op=>&type_cmp=0\type=type&type_op=>&type_cmp=0,set_skill\remove_buff,type=accuracy&op=+&value=1000\id=37
38,on_before_attack\on_after_attack,-1\-1,skill\pet,skill\skill,whos_turn=op&who=op&type=type&type_op=>&type_cmp=0\whos_turn=op&who=op&whos_attack=op&is_hit=all&type=type&type_op=>&type_cmp=0,set_skill\remove_buff,who=op&type=accuracy&op=-&value=100\id=38
39,on_before_attack,-1,skill,skill,whos_turn=op&who=op&type=type&type_op=GTE&type_cmp=0,set_skill,who=op&type=accuracy&op=-&value=100
40,on_before_attack,-1,skill,skill,whos_turn=op&who=op&type=type&type_op=>&type_cmp=0,set_skill,who=op&type=accuracy&op=-&value=100
41,on_add_buff\on_remove_buff,-1\-1,pet\pet,none\none,none\none,add_status\add_status,type=7&add=15\type=7&add=-15
42,on_after_dmg_cal,-1,skill,skill,type=criticalResult&criticalResult_cmp=1,set_damage,op=*&value=1.35
43,on_final_dmg_cal,1000,skill,skill,whos_turn=op&who=op&type=elementRelation&elementRelation_op=>&elementRelation_cmp=1,set_damage,who=op&op=SET&value=0
44,on_final_dmg_cal,1000,skill,skill,whos_turn=op&who=op&type=criticalResult&ecriticalResult_cmp=1,set_damage,who=op&op=SET&value=0
45,none,-1,none,none,none,none,none
46,none,-1,none,none,none,none,none
47,on_after_attack,-1,pet,skill,who=op&whos_turn=op&whos_attack=op&type=type&type_op=>&type_cmp=0,heal,who=op&add=-me.skill.damage[MIN]op.pet.status.maxHp/2
48,on_after_attack,-1,pet,skill,who=op&whos_turn=op&whos_attack=op&type=type&type_op=>&type_cmp=0,heal,who=op&add=-me.skill.damage[MIN]op.pet.status.maxHp
49,on_after_attack\on_after_attack,-1\0,pet\pet,skill\skill,who=op&whos_turn=op&whos_attack=op&type=type&type_op=>&type_cmp=0\who=op&whos_turn=op&whos_attack=op&type=type&type_op=>&type_cmp=0,heal\remove_buff,who=op&add=-me.skill.damage[MIN]op.pet.status.maxHp/2\id=49
50,on_after_attack\on_after_attack,-1\0,pet\pet,skill\skill,who=op&whos_turn=op&whos_attack=op&type=type&type_op=>&type_cmp=0\who=op&whos_turn=op&whos_attack=op&type=type&type_op=>&type_cmp=0,heal\remove_buff,who=op&add=-me.skill.damage[MIN]op.pet.status.maxHp\id=50
51,on_after_attack\on_after_attack,-1\0,pet\pet,skill\skill,who=op&whos_turn=op&whos_attack=op&type=type&type_cmp=1\who=op&whos_turn=op&whos_attack=op&type=type&type_cmp=1,heal\remove_buff,who=op&add=-me.skill.damage[MIN]op.pet.status.maxHp/2\id=51
52,on_after_attack\on_after_attack,-1\0,pet\pet,skill\skill,who=op&whos_turn=op&whos_attack=op&type=type&type_cmp=1\who=op&whos_turn=op&whos_attack=op&type=type&type_cmp=1,heal\remove_buff,who=op&add=-me.skill.damage[MIN]op.pet.status.maxHp\id=52
53,on_after_attack\on_after_attack,-1\0,pet\pet,skill\skill,who=op&whos_turn=op&whos_attack=op&type=type&type_cmp=2\who=op&whos_turn=op&whos_attack=op&type=type&type_cmp=2,heal\remove_buff,who=op&add=-me.skill.damage[MIN]op.pet.status.maxHp/2\id=53
54,on_after_attack\on_after_attack,-1\0,pet\pet,skill\skill,who=op&whos_turn=op&whos_attack=op&type=type&type_cmp=2\who=op&whos_turn=op&whos_attack=op&type=type&type_cmp=2,heal\remove_buff,who=op&add=-me.skill.damage[MIN]op.pet.status.maxHp\id=54
55,on_final_dmg_cal,100,skill,skill,type=type&type_cmp=1,set_damage,op=[MAX]&value=150
56,on_final_dmg_cal,100,skill,skill,type=type&type_cmp=2,set_damage,op=[MAX]&value=150
57,on_add_buff\on_remove_buff,-1\-1,pet\pet,none\none,none\none,add_status\add_status,type=10&add=-1000\type=10&add=1000
58,on_add_buff\on_remove_buff,-1\-1,pet\pet,none\none,none\none,add_status\add_status,type=11&add=-1000\type=11&add=1000
59,on_before_attack,1000,skill,none,none,set_skill,type=combo&op=-&value=2
60,on_before_attack,1000,skill,none,none,set_skill,type=combo&op=+&value=2
61,none,-1,none,none,none,none,none
62,on_turn_end\on_turn_end,-1\0,pet\pet,none\none,none\none,heal\rage,type=buff&add=me.pet.status.anger*value\add=0-me.pet.status.anger
63,none,-1,none,none,none,none,none
64,none,-1,none,none,none,none,none
65,on_turn_ready,1000,skill,none,none,set_skill,type=chain&op=SET&value=value
66,on_select_target,-1,pet_bag,none,whos_turn=all,heal,target_type=other&target_filter=(dead:0)(status.hp<status.maxHp)&target_num=1
67,none,-1,none,none,none,none,none
68,none,-1,none,none,none,none,none
69,on_add_buff\on_remove_buff,-1\-1,pet\pet,none\none,none\none,block_buff\block_buff,op=*&type_list=unhealthy\op=/&type_list=unhealthy
70,on_add_buff\on_remove_buff,-1\-1,pet\pet,none\none,none\none,block_buff\block_buff,op=*&type_list=abnormal\op=/&type_list=abnormal
71,on_turn_end,1000,pet,none,none,set_damage,type=buff_percentage_unhealthy&op=SET&value=0
72,on_turn_end,1000,pet,pet,type=movable&movable_cmp=0,add_buff,id=14&turn=5
94,none,-1,none,none,none,none,none
95,on_add_buff\on_add_buff\on_remove_buff\on_remove_buff,-1\-1\-1\-1,pet_bag\pet\pet_bag\pet,none\none\none\none,none\none\none\none,powerup\powerup\powerup\powerup,who=op&max=value\min=-value\who=op&max=6\min=-6
96,on_final_dmg_cal,-100,skill,skill,whos_turn=op&who=op&type=type&type_op=>&type_cmp=0,set_damage,who=op&op=SET&value=me.pet.status.maxHp/value[MIN]op.skill.damage
97,on_add_buff\on_remove_buff,-1\-1,pet\pet,none\none,none\none,rage\rage,min=100\min=0
98,on_add_buff\on_remove_buff,-1\-1,pet\pet,none\none,none\none,block_buff\block_buff,op=+&type_list=weather\op=-&type_list=weather
99,none,-1,none,none,none,none,none
101,none,-1,none,none,none,none,none
102,none,-1,none,none,none,none,none
103,on_after_attack,1000,pet,skill,who=op&whos_turn=op&whos_attack=op&type=type&type_op=>&type_cmp=0,remove_buff,id=103
104,on_add_buff\on_turn_ready,-1\-1,pet\pet,none\none,none\none,set_buff\set_buff,id=104&type=value&op=SET&value=random[0~99]\id=104&type=value&op=SET&value=random[0~99]
105,none,-1,none,none,none,none,none
106,on_after_attack,1000,pet,skill,who=op&whos_turn=op&whos_attack=op&type=type&type_op=>&type_cmp=0,remove_buff,id=106
107,on_add_buff\on_remove_buff\on_after_attack,-1\-1\1000,pet\pet\pet,none\none\skill,none\none\who=op&whos_turn=op&whos_attack=op&type=type/criticalResult&type_op=>&type_cmp=0&criticalResult_cmp=1,add_status\add_status\remove_buff,type=9&add=-10\type=9&add=10\id=107
108,none,-1,none,none,none,none,none
109,on_after_dmg_cal\on_after_attack,-1\-1,skill\pet,skill\skill,who=op&whos_turn=op&type=criticalResult&criticalResult_cmp=1\who=op&whos_turn=op&whos_attack=op&type=criticalResult&criticalResult_cmp=1,set_damage\remove_buff,op=*&value=6/5\id=109
110,on_turn_ready\on_after_attack,-100\-1,skill\pet,skill\skill,type=type&type_op=GTE&type_cmp=0\who=op&whos_turn=op&whos_attack=op&type=damage&damage_op=>&damage_cmp=100,set_skill\remove_buff,type=id&op=SET&value=random[available]&set_anger=true\id=110
113,on_attack\on_attack\on_after_attack,0\-1\-1,skill\skill\pet,skill\skill\skill,type=type&type_op=>&type_cmp=0\type=type&type_op=>&type_cmp=0\type=type&type_op=>&type_cmp=0,set_damage\heal\remove_buff,op=SET&value=0\add=-me.skill.damage\id=113
114,on_before_attack,-1,skill,skill,type=type&type_cmp=0,set_skill,type=accuracy&op=-&value=100
115,on_before_attack,-1,skill,skill,type=type&type_cmp=1,set_skill,type=accuracy&op=-&value=100
116,on_before_attack,-1,skill,skill,type=type&type_cmp=2,set_skill,type=accuracy&op=-&value=100
120,on_turn_ready\on_before_attack,-1000\-1000,skill\skill,unit\unit,type=me.skill.type/me.pet.dead&type[0].cmp=-3&type[1].cmp=0\type=me.skill.type/me.pet.dead&type[0].cmp=-3&type[1].cmp=0,set_skill\set_skill,type=effect&op=SET&value=0\type=effect&op=SET&value=0
123,none,-1,none,none,none,none,none
1000,on_add_buff\on_remove_buff\on_turn_end,-1\-1\100,pet\pet\pet,none\none\none,none\none\none,add_status\add_status\set_damage,type=6&add=-10\type=6&add=10\type=buff_percentage_unhealthy&op=+&value=me.pet.status.maxHp*1/8
1001,on_after_dmg_cal\on_turn_end,0\100,skill\pet,skill\none,type=type&type_cmp=1\none,set_damage\set_damage,op=*&value=3/4\type=buff_percentage_unhealthy&op=+&value=me.pet.status.maxHp*1/8
1002,on_after_dmg_cal\on_turn_end,0\100,skill\pet,skill\none,type=type&type_cmp=2\none,set_damage\set_damage,op=*&value=3/4\type=buff_percentage_unhealthy&op=+&value=me.pet.status.maxHp*1/8
1003,on_add_buff\on_remove_buff\on_turn_end,-1\-1\100,pet\pet\pet,none\none\none,none\none\none,add_status\add_status\set_damage,type=10&add=-15\type=10&add=15\type=buff_percentage_unhealthy&op=+&value=me.pet.status.maxHp*1/8
1004,on_turn_end,100,pet,none,none,set_damage,type=buff&op=+&value=value
1005,on_add_buff\on_remove_buff,-1\-1,pet\pet,none\none,none\none,add_status\add_status,type=6&add=-50\type=6&add=50
1006,on_add_buff\on_remove_buff,-1\-1,pet\pet,none\none,none\none,add_status\add_status,type=6&add=-50\type=6&add=50
1007,on_turn_end\on_turn_end,100\99,pet\pet,none\none,none\none,set_damage\heal,type=buff_percentage_unhealthy&op=+&value=me.pet.status.hp*1/8\who=op&type=buff&add=me.pet.status.maxHp[MIN]op.pet.status.hp*1/8
1008,on_turn_end,100,pet,none,none,set_damage,type=buff&op=+&value=10*value
1011,on_after_attack,-1,pet,unit,whos_turn=op&whos_attack=op&type=op.skill.type/me.pet.buff[71].count&type[0].cmp=2&type[1].cmp=0,heal,type=skill_percentage_unhealthy&add=-me.pet.status.maxHp*1/8
1013,on_turn_end,100,pet,none,none,set_damage,type=buff&op=+&value=30
1014,on_add_buff\on_remove_buff\on_turn_end,-1\-1\100,pet\pet\pet,none\none\none,none\none\none,add_status\add_status\set_damage,type=11&add=-20\type=11&add=20\type=buff_percentage_unhealthy&op=+&value=me.pet.status.maxHp*1/8
3000,on_add_buff\on_remove_buff,-1\-1,pet\pet,none\none,none\none,add_status\add_status,type=4&add=-25\type=4&add=25*value
3001,on_after_dmg_cal,-1,skill,none,whos_turn=op,set_damage,who=op&op=*&value=1.5
3002,on_turn_end,100,skill,buff,id=3002&type=turn&turn_cmp=1,set_damage,type=buff&op=+&value=300
3003,on_final_dmg_cal\on_after_attack\on_after_attack,1100\-1\0,skill\pet\pet,skill\skill\skill,type=type&type_op=>&type_cmp=0\type=type&type_op=>&type_cmp=0\type=type&type_op=>&type_cmp=0,set_damage\heal\remove_buff,op=*&value=1/2\add=-me.skill.damage\id=3003
3004,on_turn_end,-1,pet,skill,type=id&id_op=NOT&id_cmp=10228|type=hit&hit_cmp=0,remove_buff,id=3004
3005,on_add_buff\on_remove_buff,-1\-1,pet\pet,none\none,none\none,add_status\add_status,type=9&add=25\type=9&add=-25
3006,on_turn_end,900,pet,none,none,rage,add=10
3007,on_add_buff\on_remove_buff,-1\-1,pet\pet,none\none,none\none,add_status\add_status,type=7&add=-25\type=7&add=25
3008,on_add_buff\on_remove_buff,-1\-1,pet\pet,none\none,none\none,add_status\add_status,type=7&add=15\type=7&add=-15
3009,on_turn_end,-1,pet,skill,type=id&id_op=NOT&id_cmp=10230|type=hit&hit_cmp=0,remove_buff,id=3009
3010,on_turn_end,-1,pet,skill,type=id&id_op=NOT&id_cmp=10232|type=hit&hit_cmp=0,remove_buff,id=3010
3011,on_after_dmg_cal,-1,skill,skill,whos_turn=op&who=op&type=element&element_cmp=3,set_damage,who=op&op=*&value=1/2
3012,on_dmg_cal,100,pet,skill,type=type&type_cmp=2,set_skill,type=def&op=*&value=3/4
3013,on_turn_end,-1,pet,skill,type=id&id_op=NOT&id_cmp=10237|type=hit&hit_cmp=0,remove_buff,id=3013
3014,on_before_attack\on_after_attack,900\-1,skill\pet,skill\skill,type=id/type&id_op=NOT&id_cmp=10024&type_op=>&type_cmp=0\type=id/type&id_op=NOT&id_cmp=10024&type_op=>&type_cmp=0,set_skill\remove_buff,type=power&op=+&value=50\id=3014
3015,on_before_attack\on_after_attack,-1\-1,skill\pet,none\none,none\none,set_skill\remove_buff,type=accuracy&op=+&value=1000\id=3015
3016,on_after_dmg_cal\on_after_attack,-1\-1,skill\pet,skill\skill,type=type&type_op=>&type_cmp=0\type=type&type_op=>&type_cmp=0,set_damage\remove_buff,op=*&value=2\id=3016
3017,on_after_attack\on_after_attack,-1000\-1,pet\pet,status\status,is_hit=all&whos_turn=op&whos_attack=op&status_type=hp&cmp_value=0\is_hit=all&whos_turn=op&whos_attack=op&status_type=hp&cmp_value=0,heal\remove_buff,set=1\id=3017
3018,on_turn_end,100,pet,none,none,heal,type=buff&add=me.pet.status.maxHp*13/100
3019,on_after_dmg_cal\on_after_dmg_cal,-1\-1,skill\pet,none\buff,whos_turn=op\whos_turn=op&id=3019,set_damage\set_buff,who=op&op=*&value=4/5\id=3019&type=value&op=-&value=1
3020,on_add_buff\on_remove_buff,-1\-1,pet\pet,none\none,none\none,add_status\add_status,type=6&add=-15\type=6&add=15
3021,on_add_buff\on_remove_buff,-1\-1,pet\pet,none\none,none\none,add_status\add_status,type=6&add=25\type=6&add=-25
3022,on_before_attack,900,skill,none,none,set_skill,type=power&op=+&value=50
3023,on_add_buff\on_remove_buff,-1\-1,pet\pet,none\none,none\none,add_status\add_status,type=8&add=100\type=8&add=-100
3024,on_before_attack,-1,skill,skill,type=type&type_cmp=0,set_skill,type=accuracy&op=+&value=1000
3025,on_after_dmg_cal,-1,skill,none,none,set_damage,op=*&value=0.85
3026,on_after_dmg_cal,-1,skill,skill,type=type&type_cmp=2,set_damage,op=*&value=1/2
3027,on_final_dmg_cal\on_after_attack,1000\-1,skill\pet,none\none,whos_turn=op\whos_turn=op&whos_attack=op,set_damage\remove_buff,who=op&op=SET&value=0\id=3027
3028,on_before_attack,-1,skill,none,none,set_skill,type=accuracy&op=+&value=1000
3029,on_turn_end,100,pet,buff,id=3029&type=turn&turn_cmp=1,heal,type=buff&add=me.pet.status.maxHp
3030,on_turn_end,900,pet,none,none,rage,add=15
3031,on_turn_end,100,pet,none,none,heal,type=buff&add=me.pet.status.maxHp*1/16
3032,on_turn_end,100,pet,none,none,heal,type=buff&add=me.pet.status.maxHp*1/12
3033,on_add_buff\on_remove_buff,-1\-1,pet\pet,none\none,none\none,add_status\add_status,type=6&add=-15\type=6&add=15
3034,on_after_dmg_cal\on_after_attack,-1\-1,skill\pet,skill\skill,whos_turn=op&who=op&type=type&type_op=>&type_cmp=0\whos_attack=op&whos_turn=op&who=op&type=type&type_op=>&type_cmp=0,set_damage\set_buff,who=op&op=*&value=0-0.15*value+1\id=3034&type=value&op=+&value=1
3035,on_after_attack\on_after_attack,-1000\-1,pet\pet,pet\pet,who=op&type=dead&dead_cmp=1\who=op&type=dead&dead_cmp=1,heal\remove_buff,add=200\id=3035
3036,on_add_buff\on_remove_buff,-1\-1,pet\pet,none\none,none\none,rage\rage,min=20\min=0
3037,on_add_buff\on_remove_buff,-1\-1,pet\pet,none\none,none\none,add_status\add_status,type=10&add=me.pet.buff[200301].value*5+25\type=10&add=-me.pet.buff[200301].value*5+25
3038,on_turn_end,100,pet,none,none,heal,type=buff&add=me.pet.status.maxHp*1/8
3039,on_turn_end,100,pet,none,none,heal,type=buff&add=me.pet.status.maxHp*1/16
3040,on_add_buff\on_remove_buff,-1\-1,pet\pet,none\none,none\none,set_pet\set_pet,type=weight&op=+&value=50\type=weight&op=-&value=50*value
3041,on_add_buff\on_remove_buff,-1\-1,pet\pet,none\none,none\none,set_pet\set_pet,type=weight&op=-&value=75\type=weight&op=+&value=75
3042,on_after_dmg_cal,-1,skill,skill,whos_turn=op&who=op&type=type&type_cmp=1,set_damage,who=op&op=*&value=3/4
3043,on_turn_end,100,pet,none,none,heal,type=buff&add=me.pet.status.maxHp*1/12
3044,on_after_dmg_cal,-1,skill,skill,type=type&type_cmp=2,set_damage,op=*&value=0.8
3045,on_after_dmg_cal,-1,skill,none,whos_turn=op,set_damage,who=op&op=*&value=1.75
3046,on_after_dmg_cal,-1,skill,none,none,set_damage,op=*&value=0.5
3047,on_after_dmg_cal,-1,skill,skill,type=type&type_cmp=1,set_damage,op=*&value=0.75
3048,on_turn_end,-1,pet,none,none,heal,type=buff&add=me.pet.status.maxHp*1/12
3049,on_after_attack,-1,pet,skill,random_cmp=50&who=op&whos_turn=op&whos_attack=op&type=type&type_op=>&type_cmp=0,add_buff,who=op&id=1003
3050,on_after_dmg_cal,-1,skill,skill,type=element&element_cmp=7,set_damage,op=*&value=1.7
3051,on_final_dmg_cal\on_after_attack,-100\-1,skill\buff,skill\none,whos_turn=op&who=op&type=type&type_op=>&type_cmp=0\who=op&whos_turn=op&whos_attack=op,set_damage\set_buff,who=op&op=SET&value=op.skill.damage[MIN]400\id=3051&type=value&op=SET&value=op.skill.damage
3052,none,-1,none,none,none,none,none
3053,none,-1,none,none,none,none,none
3054,on_after_dmg_cal,-1,skill,skill,whos_turn=op&who=op&type=element&element_cmp=2,set_damage,who=op&op=*&value=1/2
3055,on_after_attack\on_final_dmg_cal\on_after_attack,-1\900\-1,buff\skill\pet,skill\skill\skill,who=op&whos_turn=op&whos_attack=op&type=type&type_op=>&type_cmp=0\type=type&type_op=>&type_cmp=0\type=type&type_op=>&type_cmp=0,set_buff\set_damage\remove_buff,id=3055&type=value&op=SET&value=op.skill.damage/2\op=+&value=value\id=3055
3056,on_after_attack\on_after_attack,-1\0,pet\pet,skill\skill,who=op&whos_turn=op&whos_attack=op&type=type&type_op=>&type_cmp=0\who=op&whos_turn=op&whos_attack=op&type=type&type_op=>&type_cmp=0,add_buff\remove_buff,id=31&value=op.skill.damage/2\id=3056
3057,on_after_attack\on_after_attack,-1\0,pet\pet,skill\skill,type=type/damage&type_op=>&type_cmp=0&damage_op=<&damage_cmp=100\type=type&type_op=>&type_cmp=0,rage\remove_buff,add=-15\id=3057
3058,on_attack\on_attack\on_after_attack\on_after_attack,-99\-100\-1\0,skill\buff\pet\buff,skill\skill\buff\buff,whos_turn=op&who=op&whos_attack=op&type=damage&damage_op=>&damage_cmp=600\whos_turn=op&who=op&whos_attack=op&type=damage&damage_op=>&damage_cmp=600\whos_turn=op&whos_attack=op&id=3058&type=value&value_op=>&value_cmp=600\whos_turn=op&whos_attack=op&id=3058&type=value&value_op=>&value_cmp=600,set_damage\set_buff\heal\set_buff,who=op&op=SET&value=0\id=3058&type=value&op=SET&value=op.skill.damage\who=op&add=-op.pet.status.maxHp*2[MIN]value\id=3058&type=value&op=SET&value=0
3059,on_add_buff\on_remove_buff,-1\-1,pet\pet,none\none,none\none,add_status\add_status,type=10&add=-1000\type=10&add=1000
3060,none,-1,none,none,none,none,none
3061,on_add_buff\on_remove_buff,-1\-1,pet\pet,none\none,none\none,add_status\add_status,type=7&add=10\type=7&add=-10
3062,on_after_dmg_cal\on_after_dmg_cal,-1\0,skill\pet,buff\buff,id=31&own=false\id=31&own=false,set_damage\remove_buff,op=*&value=1.5\id=3062
3063,on_after_attack,-1,pet,skill,who=op&whos_turn=op&whos_attack=op&type=type&type_cmp=1,heal,who=op&add=-me.skill.damage[MIN]op.pet.status.maxHp/2
3064,on_add_buff\on_remove_buff,-1\-1,pet\pet,none\none,none\none,add_status\add_status,type=4&add=-50\type=4&add=50
3065,on_before_dmg_cal\on_after_attack,-1\-1,skill\pet,skill\skill,type=type&type_op=>&type_cmp=0\type=type&type_op=>&type_cmp=0,set_skill\remove_buff,type=combo&op=SET&value=1\id=3065
3066,on_after_dmg_cal\on_after_attack,-1\-1,skill\pet,skill\skill,type=type/element&type_op=>&type_cmp=0&element_cmp=7\type=type/element&type_op=>&type_cmp=0&element_cmp=7,set_damage\remove_buff,op=*&value=2\id=3066
3067,on_turn_end,-1,pet,none,none,rage,add=35
3068,none,-1,none,none,none,none,none
3069,on_before_attack\on_after_dmg_cal,-1\-1,skill\skill,skill\skill,whos_turn=op&who=op&type=type&type_cmp=1\whos_turn=op&who=op&type=type&type_cmp=2,set_skill\set_damage,who=op&type=accuracy&op=-&value=100\who=op&op=*&value=2
3070,on_after_dmg_cal,-1,skill,none,none,set_damage,op=*&value=0.75
3071,on_turn_end,100,pet,none,none,set_damage,type=buff&op=+&value=55
3072,on_after_dmg_cal\on_after_dmg_cal,-1\-1,skill\skill,unit\unit,whos_turn=op&type=op.skill.type/me.pet.buff[3072].turn&type[0].cmp=1&type[1].op=>&type[1].cmp=2\whos_turn=op&type=op.skill.type/me.pet.buff[3072].turn&type[0].cmp=2&type[1].op=LTE&type[1].cmp=2,set_damage\set_damage,who=op&op=*&value=0.5\who=op&op=*&value=0.5
3073,none,-1,none,none,none,none,none
3074,on_after_attack\on_after_attack,-1\-1,pet\pet,skill\skill,type=type&type_cmp=-3\type=type&type_cmp=-3,heal\remove_buff,add=me.pet.status.maxHp*1/4\id=3074
3075,on_attack,-1,pet,unit,who=op&whos_turn=op&whos_attack=op&is_hit=all&type=op.pet.status.hp&type[0].op=<&type[0].cmp=op.pet.status.maxHp/2,heal,add=me.pet.status.maxHp/12
3076,on_turn_ready\on_before_attack,-1000\-1000,skill\skill,skill\skill,who=op&type=type&type_op=GTE&type_cmp=0\whos_turn=op&who=op&type=type&type_op=GTE&type_cmp=0,set_skill\set_skill,who=op&type=effect&op=SET&value=0\who=op&type=effect&op=SET&value=0
3077,on_after_dmg_cal\on_after_attack,-1\-1,skill\pet,skill\skill,type=type&type_cmp=1\type=type&type_cmp=1,set_damage\remove_buff,op=*&value=value/100+1\id=3077
3078,on_after_dmg_cal\on_after_attack,-1\-1,skill\pet,skill\skill,type=type&type_cmp=2\type=type&type_cmp=2,set_damage\remove_buff,op=*&value=value/100+1\id=3078
3079,on_turn_ready\on_before_attack,-1000\-1000,skill\skill,unit\unit,type=me.skill.type/op.skill.type/op.pet.dead&type[0].cmp=0&type[1].cmp=-3&type[2].cmp=0\whos_turn=op&type=me.skill.type/op.skill.type/op.pet.dead&type[0].cmp=0&type[1].cmp=-3&type[2].cmp=0,set_skill\set_skill,who=op&type=effect&op=SET&value=0\who=op&type=effect&op=SET&value=0
3080,on_before_attack,-1,skill,none,none,set_skill,type=power&op=-&value=50
3081,none,-1,none,none,none,none,none
3082,on_turn_end,100,skill,buff,id=3082&type=turn&turn_cmp=1,set_damage,type=buff&op=+&value=300
3083,on_before_attack,-1,skill,skill,type=element&element_cmp=12,set_skill,type=element&op=SET&value=15
3084,on_before_attack,-1,skill,none,none,set_skill,type=accuracy&op=-&value=2000
3085,on_after_attack,-1,pet,skill,random_cmp=value*5&type=type&type_op=>&type_cmp=0,add_buff,who=op&id=110
3086,on_turn_end,-1,pet,status,status_type=hp&op=<&cmp_value=1/2,powerup,who=op&random=true&atk=-1&mat=-1&def=-1&mdf=-1&spd=-1&random_pdf=uniform
3087,on_add_buff\on_remove_buff\on_after_dmg_cal,-1\-1\-1,pet\pet\skill,none\none\none,none\none\whos_turn=op,add_status\add_status\set_damage,type=8&add=75\type=8&add=-75\op=*&value=2
3088,none,-1,none,none,none,none,none
3089,on_add_buff\on_remove_buff,-1\-1,pet\pet,none\none,none\none,add_status\add_status,type=4&add=-50\type=4&add=50
3090,on_battle_start,-1,pet,none,none,set_pet,type=id&op=SET&value=op.pet.id&normal_skill=op&super_skill=op
3091,none,-1,none,none,none,none,none
3092,on_add_buff\on_remove_buff,-1\-1,pet\pet,none\none,none\none,add_status\add_status,type=0&add=35\type=0&add=-35*value
3093,on_after_attack\on_turn_end\on_remove_buff,-1\-1\-1,pet\pet\pet,skill\none\none,who=op&whos_turn=op&whos_attack=op&type=type&type_op=>&type_cmp=0\random_cmp=30\none,heal\remove_buff\add_buff,who=op&add=-me.skill.damage[MIN]op.pet.status.maxHp/10\id=3093\id=3094
3094,on_before_attack\on_turn_end,-1\-1,skill\pet,none\none,none\none,set_skill\heal,type=power&op=*&value=1/2\type=buff&add=op.skill.damage*2
3095,on_add_buff\on_remove_buff,-1\-1,pet\pet,none\none,none\none,add_status\add_status,type=2&add=35\type=2&add=-35*value
3096,on_turn_end,-1,pet,skill,type=id&id_op=NOT&id_cmp=10708|type=hit&hit_cmp=0,remove_buff,id=3096
3097,on_turn_ready\on_before_attack\on_attack\on_attack\on_after_attack,-1000\-1000\0\-1\-1,skill\skill\skill\skill\pet,skill\skill\skill\skill\skill,is_hit=all&who=op&type=type&type_cmp=0\is_hit=all&whos_turn=op&who=op&type=type&type_cmp=0\is_hit=all&who=op&whos_turn=op&whos_attack=op&type=type&type_op=NOT&type_cmp=100\is_hit=all&who=op&whos_turn=op&whos_attack=op&type=type&type_op=NOT&type_cmp=100\is_hit=all&who=op&whos_turn=op&whos_attack=op&type=type&type_op=NOT&type_cmp=100,set_skill\set_skill\set_damage\heal\remove_buff,who=op&type=effect&op=SET&value=0\who=op&type=effect&op=SET&value=0\who=op&op=SET&value=0\who=op&add=-me.skill.damage[MIN]op.pet.status.maxHp\id=3097
3098,on_turn_end,-1,pet,none,none,heal,type=buff&add=me.pet.status.maxHp*1/8
3099,on_after_attack\on_after_attack,-1\-1,pet\pet,skill\skill,type=type&type_cmp=-3\type=type&type_cmp=-3,powerup\remove_buff,def=1&mdf=1\id=3099
3100,none,-1,none,none,none,none,none
3101,none,-1,none,none,none,none,none
3102,on_attack\on_attack\on_after_attack\on_remove_buff,-100\-1\-1\-1,pet\skill\pet\pet,skill\skill\skill\buff,whos_turn=op&who=op&whos_attack=op&type=type&type_op=>&type_cmp=0\whos_turn=op&who=op&whos_attack=op&type=type&type_op=>&type_cmp=0\whos_turn=op&who=op&whos_attack=op&type=type&type_op=>&type_cmp=0\id=3102&type=value&value_op=LTE&value_cmp=0,set_buff\set_damage\heal\heal,id=3102&type=value&op=-&value=op.skill.damage\who=op&op=SET&value=0\set=me.pet.status.maxHp\set=1
3103,on_final_dmg_cal,900,skill,status,status_type=hp&op=<&cmp_value=1/2,set_damage,op=+&value=50
3104,on_add_buff\on_remove_buff\on_add_buff\on_remove_buff,-1\-1\-1\-1,pet\pet\pet\pet,none\none\buff\buff,none\none\id=200326&own=true\id=200326&own=true,add_status\add_status\add_status\add_status,type=1&add=75\type=1&add=-75\type=3&add=50\type=3&add=-50
3105,on_add_buff\on_remove_buff,-1\-1,pet\pet,none\none,none\none,add_status\add_status,type=4&add=-50\type=4&add=50
3106,on_turn_end,100,skill,buff,id=3106&type=turn&turn_cmp=1,rage,add=0-me.pet.status.anger
3107,on_final_dmg_cal,1000,skill,skill,whos_turn=op&who=op&type=type&type_cmp=100,set_damage,who=op&op=SET&value=0
3108,on_after_dmg_cal,-1,skill,skill,whos_turn=op&who=op&type=element&element_cmp=3,set_damage,who=op&op=*&value=1/2
3109,on_after_attack\on_after_attack,-1\-1,pet\pet,skill\skill,type=type&type_cmp=-3\type=type&type_cmp=-3,rage\remove_buff,add=0-me.pet.status.anger\id=3109
3110,none,-1,none,none,none,none,none
3111,on_after_dmg_cal,-1,skill,none,whos_turn=op,set_damage,who=op&op=*&value=0.25
3112,on_final_dmg_cal,900,skill,none,none,set_damage,op=+&value=35
3113,on_turn_ready,-1,skill,skill,type=type&type_op=GTE&type_cmp=0,set_skill,type=id&op=SET&value=10825&set_anger=true
3114,on_after_attack\on_after_attack,-1\-1,pet\pet,skill\skill,type=type&type_cmp=-3\type=type&type_cmp=-3,add_buff\remove_buff,id=3115\id=3114
3115,on_after_dmg_cal\on_after_attack,-1\-1,skill\pet,skill\skill,type=type&type_op=>&type_cmp=0\type=type&type_op=>&type_cmp=0,set_damage\remove_buff,op=*&value=1.25\id=3115
3116,on_add_buff\on_remove_buff,-1\-1,pet\pet,none\none,none\none,add_status\add_status,type=1&add=25\type=1&add=-25*value
3117,on_add_buff\on_remove_buff,-1\-1,pet\pet,none\none,none\none,add_status\add_status,type=2&add=25\type=2&add=-25*value
3118,on_after_attack,-1,pet,skill,type=type&type_cmp=2,heal,add=me.skill.damage/4
3119,on_before_attack,-1,skill,skill,type=type&type_cmp=1,set_skill,type=critical&op=+&value=50
3120,on_turn_end,100,skill,buff,id=3120&type=turn&turn_cmp=1,set_damage,type=buff&op=+&value=me.pet.status.maxHp[MIN]op.pet.status.maxHp/3
3121,on_add_buff\on_remove_buff,-1\-1,pet\pet,none\none,none\none,add_status\add_status,type=0&add=25\type=0&add=-25*value
3122,on_add_buff\on_remove_buff,-1\-1,pet\pet,none\none,none\none,add_status\add_status,type=3&add=25\type=3&add=-25*value
3123,on_final_dmg_cal,-1,skill,none,none,set_damage,op=+&value=op.pet.status.lostHp[MIN]me.pet.status.maxHp/4
3124,on_turn_end,100,pet,buff,id=3124&type=turn&turn_cmp=1,heal,type=buff&add=80
3125,on_turn_ready\on_turn_ready,-1\-1,pet\pet,pet\pet,type=stayTurn&stayTurn_cmp=1\type=stayTurn&stayTurn_cmp=1,powerup\remove_buff,atk=1&mat=1&def=1&mdf=1&spd=1\id=3125
3126,on_after_dmg_cal,-1,skill,none,whos_turn=op,set_damage,who=op&op=*&value=0.9
3127,on_remove_buff\on_turn_end,-1\-1,pet\pet,none\pet,none\type=dead&dead_cmp=1,heal\remove_buff,who=op&add=-80\id=3127
3128,on_after_dmg_cal\on_after_attack,-1\-1,skill\pet,none\skill,whos_turn=op\type=type&type_op=>&type_cmp=0,set_damage\heal,who=op&op=*&value=0.1\who=op&add=-90
3129,on_before_attack\on_after_dmg_cal\on_after_attack,-1\-1\-1,skill\skill\pet,skill\skill\skill,type=type&type_op=>&type_cmp=0\type=type&type_op=>&type_cmp=0\type=type&type_op=>&type_cmp=0,set_skill\set_damage\remove_buff,type=critical&op=+&value=10\op=*&value=1.7\id=3129
3130,on_before_attack\on_after_dmg_cal,-1\-1,skill\skill,skill\skill,whos_turn=op&who=op&type=type&type_cmp=2\whos_turn=op&who=op&type=type&type_cmp=1,set_skill\set_damage,who=op&type=accuracy&op=-&value=100\who=op&op=*&value=2
3131,on_turn_end,-1,pet,none,none,powerup,atk=1
3132,on_after_dmg_cal,-1,skill,skill,type=element&element_cmp=3,set_damage,op=*&value=1.7
3133,on_after_attack,-1,pet,none,whos_turn=op&whos_attack=op,rage,add=op.skill.damage/10
3134,on_after_dmg_cal\on_after_dmg_cal,-1\-1,skill\skill,buff\buff,id=800043&own=false\id=800043&own=true,set_damage\set_damage,op=*&value=0.06*value+1\op=*&value=0.1*value+1
3135,on_turn_end,100,pet,none,none,set_damage,type=buff&op=+&value=value
3136,on_add_buff\on_add_buff,-1\0,pet\pet,buff\buff,id=3136&type=value&value_cmp=11\id=3136&type=value&value_cmp=11,add_buff\remove_buff,id=3137\id=3136
3137,on_add_buff\on_remove_buff\on_attack\on_before_dmg_cal\on_decide_pri\on_add_buff\on_add_buff\on_remove_buff,-1\-1\-1\-1\-1\-1\-1\-1,pet\pet\pet\pet\skill\pet\pet\pet,none\none\skill\none\none\none\none\none,none\none\type=type&type_cmp=0|type=type&type_cmp=1|type=type&type_cmp=2\none\none\none\none\none,add_status\add_status\set_skill\set_skill\set_skill\remove_buff\block_buff\block_buff,type=8&add=100\type=8&add=-100\type=anger&op=SET&value=0\type=elementRelation&op=SET&value=me.skill.elementRelation[MAX]1\type=priority&op=+&value=1\id=3136\op=+&id_list=3136\op=-&id_list=3136
3138,on_turn_end\on_after_attack,-1\-1,pet\pet,none\skill,none\whos_turn=op&who=op&whos_attack=op&type=type&type_op=>&type_cmp=0,heal\add_buff,type=buff&add=me.pet.status.maxHp/8\id=3136&value=1
3139,on_after_dmg_cal,-1,skill,skill,who=op&whos_turn=op&type=element&element_cmp=13,set_damage,who=op&op=*&value=1/2
3140,on_after_attack,-1,pet,none,none,add_buff,id=3136&value=me.pet.buff[3140].value
3141,on_after_attack,-1,pet,skill,who=op&whos_turn=op&type=type&type_op=>&type_cmp=0,heal,add=me.pet.status.maxHp/16
3142,on_after_attack,-1,pet,skill,who=op&whos_turn=op&type=type&type_op=>&type_cmp=0,powerup,who=op&random=true&random_pdf=uniform&atk=-1&mat=-1&def=-1&mdf=-1&spd=-1
3143,none,-1,none,none,none,none,none
3144,on_turn_end,-1,pet,none,none,rage,add=10
3145,on_add_buff\on_add_buff\on_remove_buff,-1\0\-1,pet\pet\pet,none\buff\none,none\id=3145&type=value&value_cmp=2\none,add_status\rage\add_status,type=2/3&add=35\add=35\type=2/3&add=-value*35
3146,on_add_buff\on_remove_buff,-1\-1,pet\pet,none\none,none\none,add_status\add_status,type=4&add=35\type=4&add=-35
3147,on_add_buff\on_remove_buff,-1\-1,pet\pet,none\none,none\none,add_status\add_status,type=0/1&add=35\type=0/1&add=-35
3148,on_turn_end,-1,pet,status,status_type=hp&op=<&cmp_value=1/2,rage,add=15
3149,on_after_dmg_cal,-1,skill,skill,type=element&element_cmp=3,set_damage,op=*&value=1.5
3150,on_after_attack,-1,pet,skill,who=op&whos_turn=op&whos_attack=op&type=type&type_op=>&type_cmp=0,heal,who=op&add=-35
3151,on_final_dmg_cal\on_after_attack,900\-1,skill\pet,skill\skill,type=type&type_op=>&type_cmp=0\type=type&type_op=>&type_cmp=0,set_damage\remove_buff,op=+&value=100\id=3151
3152,on_before_attack,-1,skill,none,none,set_skill,type=critical&op=+&value=10
3153,on_turn_ready\on_turn_ready,-1\-1000,skill\skill,unit\unit,type=state.turn%10/me.skill.type&type[0].op=<&type[0].cmp=5&type[1].op=>&type[1].cmp=0\type=state.turn%10/me.skill.type&type[0].op=<&type[0].cmp=5&type[1].op=>&type[1].cmp=0,set_skill\set_skill,type=power&op=*&value=0.5\type=chain&op=SET&value=2
3154,on_turn_end,100,pet,none,none,heal,type=buff&add=me.pet.status.maxHp*1/6
3155,on_turn_start\on_turn_start,-1\-1,pet\pet,none\none,random_cmp=25\random_cmp=25,powerup\powerup,atk=1\def=1
3156,on_turn_start\on_turn_start,-1\-1,pet\pet,none\none,random_cmp=35\random_cmp=35,powerup\powerup,atk=1\def=1
3157,on_turn_ready,-1,skill,skill,type=type&type_op=GTE&type_cmp=0,set_skill,type=id&op=SET&value=11092&set_anger=true
3158,on_turn_end,-1,pet,buff,id=3158&type=turn&turn_cmp=1,powerup,atk=1&mat=1&def=1&mdf=1&spd=1
3159,on_after_dmg_cal,-1,skill,none,none,set_damage,op=*&value=1.1
3160,on_after_dmg_cal,-1,skill,none,none,set_damage,op=*&value=1.2
3161,on_after_dmg_cal\on_before_attack,-1\-1,skill\skill,unit\unit,type=state.me.order&type[0].cmp=1\whos_turn=op&type=state.me.order&type[0].cmp=2,set_damage\set_skill,op=*&value=1.25\who=op&type=accuracy&op=-&value=25
3162,on_before_attack\on_after_attack\on_after_attack,-1\-1\0,skill\pet\pet,skill\skill\skill,who=op&whos_turn=op&type=type&type_op=>&type_cmp=0\who=op&whos_turn=op&whos_attack=op&type=type/hit&type_op=>&type_cmp=0&hit_cmp=1\is_hit=all&who=op&whos_turn=op&whos_attack=op&type=type&type_op=>&type_cmp=0,set_skill\rage\set_buff,who=op&type=accuracy&op=-&value=2000\who=op&set=0\id=3162&type=value&op=-&value=1
3163,on_before_dmg_cal\on_before_dmg_cal,100\100,skill\skill,none\none,none\none,set_skill\set_skill,type=elementRelation&op=SET&value=1\type=sameElement&op=SET&value=1
3164,on_decide_pri,-1,skill,none,none,set_skill,type=priority&op=-&value=1
3165,on_add_buff\on_remove_buff,-1\-1,pet\pet,none\none,none\none,add_status\add_status,type=10&add=15\type=10&add=-15
3166,on_add_buff\on_remove_buff,-1\-1,pet\pet,none\none,none\none,add_status\add_status,type=10&add=25\type=10&add=-25
3167,on_turn_start\on_turn_start\on_before_attack,-1\0\-1,pet\pet\skill,buff\buff\none,id=3167&type=value&value_op=GTE&value_cmp=3\id=3167&type=value&value_op=GTE&value_cmp=3\none,add_buff\set_buff\set_skill,id=110\id=3167&type=value&op=-&value=2\type=accuracy&op=-&value=value*15
3168,on_after_dmg_cal\on_after_attack,-1\-1,skill\pet,skill\skill,type=type&type_op=>&type_cmp=0\type=type&type_op=>&type_cmp=0,set_damage\remove_buff,op=*&value=3/4\id=3168
3169,on_add_buff\on_remove_buff,-1\-1,pet\pet,none\none,none\none,add_status\add_status,type=11&add=15\type=11&add=-15
3170,on_add_buff\on_remove_buff,-1\-1,pet\pet,none\none,none\none,add_status\add_status,type=11&add=25\type=11&add=-25
3171,on_turn_end,-1,pet,unit,type=me.skill.damage&type[0].op=<&type[0].cmp=op.skill.damage,add_buff,id=3172&value=35&turn=2
3172,on_before_attack,-1,skill,none,none,set_skill,type=critical&op=+&value=value
3173,on_after_attack\on_after_attack,-1\0,pet\pet,skill\skill,type=type&type_cmp=-3\type=type&type_cmp=-3,heal\remove_buff,add=-90\id=3173
3279,on_turn_end,100,pet,buff,id=1003,set_damage,type=buff&op=+&value=30*value
3280,on_add_buff\on_remove_buff,-1\-1,pet\pet,none\none,none\none,add_status\add_status,type=8&add=50\type=8&add=-50
100001,on_after_dmg_cal\on_before_attack\on_final_dmg_cal,-1\-1\900,skill\skill\skill,unit\unit\unit,type=me.pet.status.hp/me.skill.option[group]&type[0].op=<&type[0].cmp=me.pet.status.maxHp*0.25&type[1].cmp=1\type=me.pet.status.hp/me.skill.id&type[0].op=<&type[0].cmp=me.pet.status.maxHp*0.25&type[1].cmp=10002\type=me.pet.status.hp/me.skill.id&type[0].op=<&type[0].cmp=me.pet.status.maxHp*0.25&type[1].cmp=10002,set_damage\set_skill\set_damage,op=*&value=5/4\type=accuracy&op=+&value=1000\op=+&value=30
100004,on_after_dmg_cal\on_before_attack\on_final_dmg_cal,-1\-1\900,skill\skill\skill,unit\unit\unit,type=me.pet.status.hp/me.skill.element&type[0].op=<&type[0].cmp=me.pet.status.maxHp*0.25&type[1].cmp=3\type=me.pet.status.hp/me.skill.id&type[0].op=<&type[0].cmp=me.pet.status.maxHp*0.25&type[1].cmp=10019\type=me.pet.status.hp/me.skill.id&type[0].op=<&type[0].cmp=me.pet.status.maxHp*0.25&type[1].cmp=10019,set_damage\set_skill\set_skill,op=*&value=5/4\type=accuracy&op=+&value=1000\op=+&value=30
100007,on_after_dmg_cal\on_before_attack\on_final_dmg_cal,-1\-1\900,skill\skill\skill,status\skill\skill,whos_turn=op&status_type=hp&op=<&cmp_value=1/4\type=me.pet.status.hp/me.skill.id&type[0].op=<&type[0].cmp=me.pet.status.maxHp*0.25&type[1].cmp=10035\type=me.pet.status.hp/me.skill.id&type[0].op=<&type[0].cmp=me.pet.status.maxHp*0.25&type[1].cmp=10035,set_damage\set_skill\set_skill,who=op&op=*&value=3/4\type=accuracy&op=+&value=1000\op=+&value=30
100010,none,-1,none,none,none,none,none
100013,on_turn_end,-1,pet,none,weather=1,heal,type=buff&add=me.pet.status.maxHp*1/16
100016,on_after_dmg_cal,-1,skill,pet,type=weight&op=>&weight_cmp=100,set_damage,op=*&value=1.1
100018,on_after_dmg_cal,-1,skill,unit,whos_turn=op&type=me.pet.status.hp/op.skill.type&type[0].op=<&type[0].cmp=me.pet.status.maxHp*0.25&type[1].cmp=1,set_damage,op=*&value=0.7
100020,on_after_dmg_cal,-1,skill,unit,type=me.pet.status.hp/me.skill.element&type[0].op=<&type[0].cmp=me.pet.status.maxHp*0.25&type[1].cmp=2,set_damage,op=*&value=5/4
100022,on_after_dmg_cal,-1,skill,buff,who=op&id=1008,set_damage,op=*&value=1.1
100025,on_before_attack\on_after_dmg_cal,-1\-1,skill\skill,skill\buff,type=element&element_cmp=2\id=3091&type=value&value_op=>&value_cmp=0,set_skill\set_damage,type=accuracy&op=+&value=5\op=*&value=1.1
100028,on_after_dmg_cal,-1,skill,skill,type=element&element_cmp=0,set_damage,op=*&value=1.25
100030,none,-1,none,none,none,none,none
100032,on_after_dmg_cal,-1,skill,buff,who=op&id=1001,set_damage,op=*&value=1.15
100034,on_after_dmg_cal,-1,skill,buff,who=op&id=3064,set_damage,op=*&value=1.15
100037,on_before_attack,-1,skill,none,weather=3,set_skill,type=accuracy&op=+&value=10
100039,on_after_dmg_cal,-1,skill,state,type=state.me.order&type[0].cmp=1,set_damage,op=*&value=1.1
100041,on_add_buff\on_remove_buff,-1\-1,pet\pet,none\none,none\none,add_status\add_status,type=8&add=10\type=8&add=-10
100046,on_after_dmg_cal\on_after_dmg_cal,-1\-1,skill\skill,skill\skill,whos_turn=op&who=op&type=type&type_cmp=1\whos_turn=op&who=op&type=type&type_cmp=2,set_damage\set_damage,who=op&op=*&value=0.7\who=op&op=*&value=1.15
100055,on_after_dmg_cal,-1,skill,unit,type=me.pet.cursor&type[0].op=NOT&type[0].cmp=0,set_damage,op=*&value=1.1
100058,on_before_attack,-1,skill,pet,type=height&height_op=GTE&height_cmp=100,set_skill,type=accuracy&op=+&value=10
100061,on_after_dmg_cal,-1,pet,buff,id=3028,set_damage,op=*&value=1.1
100072,on_after_dmg_cal\on_after_dmg_cal,-1\-1,pet\pet,buff\buff,id=3100\id=3101,set_damage\set_damage,op=*&value=1.05\op=*&value=1.1
100074,on_turn_end,-1,pet,buff,id=3134&own=true,add_buff,id=3134&value=1
100090,on_battle_start\on_after_pet_change,-1\-1,state\state,none\none,none\none,set_weather\set_weather,weather=7\weather=7
100091,none,-1,none,none,none,none,none
100095,on_after_attack,-1,pet,pet,type=status.anger&status.anger_op=<&status.anger_cmp=op.pet.status.anger,heal,add=me.skill.damage/2
100096,on_turn_end,-1,pet,pet,type=status.anger&status.anger_op=>&status.anger_cmp=op.pet.status.anger,heal,type=buff&add=me.pet.status.maxHp/8
100100,on_turn_end,-1,pet,pet,type=status.anger&status.anger_op=<&status.anger_cmp=op.pet.status.anger,rage,add=15
100140,on_before_attack\on_after_attack\on_after_attack,-1\-1\-1,skill\pet\pet,buff\buff\none,whos_turn=op&id=3110&own=false\id=3110&own=false\who=op&whos_turn=op&whos_attack=op&is_hit=false,set_skill\set_buff\add_buff,who=op&type=accuracy&op=-&value=10*value\id=100140&type=value&op=+&value=1\id=3110
100146,on_before_attack,-1,skill,buff,id=3143,set_skill,type=power&op=+&value=10
100149,on_before_attack,900,skill,skill,type=combo&combo_op=>&combo_cmp=0,set_skill,type=combo&op=+&value=me.skill.combo-1/me.skill.combo*me.skill.combo[MIN]1
100151,on_after_attack,-1,skill,buff,who=op&id=1003,set_buff,who=op&id=1003&type=turn&op=SET&value=3
100154,on_before_attack\on_after_dmg_cal,-1\-1,skill\skill,skill\skill,type=type&type_cmp=1\type=type&type_cmp=2,set_skill\set_damage,type=accuracy&op=+&value=10\op=*&value=1.1
100178,on_final_dmg_cal,900,skill,none,none,set_damage,op=+&value=me.pet.iv
100192,on_turn_end,-1,pet,none,weather=3,heal,who=op&type=buff&add=-me.pet.status.maxHp[MIN]op.pet.status.maxHp/16
100200,on_turn_end,-1,pet,buff,id=3034,heal,who=op&type=buff&add=-25
100214,on_before_attack\on_before_attack\on_before_attack,-1\-1\-1,pet\pet\skill,status\status\unit,status_type=hp&op=>&cmp_value=1/2\status_type=hp&op=LTE&cmp_value=1/2\type=me.pet.status.hp/me.skill.element&type[0].op=<&type[0].cmp=me.pet.status.maxHp/2&type[1].cmp=13,block_buff\block_buff\set_skill,op=+&type_list=unhealthy\op=-&type_list=unhealthy\type=accuracy&op=+&value=1000
100220,on_add_buff\on_add_buff\on_after_attack\on_after_attack,-1\-1\-1\-1,pet\pet\pet\pet,none\none\skill\skill,none\none\type=type&type_cmp=1\type=type&type_cmp=2,add_buff\add_buff\add_buff\add_buff,id=3116\id=3117\id=3116&value=1\id=3117&value=1
100224,on_after_attack,-1,pet,skill,whos_turn=op&who=op&whos_attack=op&type=type&type_op=>&type_cmp=0,rage,who=op&add=-15
100234,on_add_buff\on_remove_buff\on_turn_start,-1\-1\-1,pet\pet\pet,none\none\status,none\none\status_type=anger&op=>&cmp_value=50,rage\rage\add_buff,min=25\min=0\id=14&turn=1
100235,on_final_dmg_cal,900,skill,buff,id=100235&type=value&value_op=GTE&value_cmp=32,set_damage,op=+&value=30
100241,on_after_attack,-1,pet,skill,random_cmp=10&type=type&type_op=>&type_cmp=0,add_buff,who=op&id=105
100280,on_before_attack,-1,skill,buff,id=3137&own=true,set_skill,type=accuracy&op=+&value=1000
100301,on_after_dmg_cal,-1,skill,buff,whos_turn=op&id=3037,set_damage,who=op&op=*&value=0.9
100302,on_after_dmg_cal,-1,skill,unit,type=me.pet.buff[3052].value/me.pet.buff[3053].value/me.skill.element&type[0].cmp=0&type[1].op=>&type[1].cmp=0&type[2].cmp=2,set_damage,op=*&value=1.2
100307,on_after_attack,-1,skill,none,none,set_skill,type=anger&op=SET&value=0
100320,on_turn_end,-1,pet,none,none,heal,type=buff&add=me.pet.buff[3088].value*10
100323,on_after_attack,-1,pet,skill,type=type/damage&type_op=>&type_cmp=0&damage_op=<&damage_cmp=100,heal,add=me.pet.status.maxHp/12
100326,on_before_attack,-1,skill,skill,who=op&whos_turn=op&type=element&element_cmp=0,set_skill,who=op&type=accuracy&op=-&value=35
100329,on_after_attack,-1,pet,pet,who=op&type=powerup.negCount&powerup.negCount_op=>&powerup.negCount_cmp=0,heal,add=30
100332,on_after_attack,-1,pet,skill,who=op&whos_turn=op&whos_attack=op&type=type&type_cmp=0,rage,add=10
100335,on_after_dmg_cal,-1,skill,pet,whos_turn=op&type=status.sum&status.sum_op=<&status.sum_cmp=op.pet.status.sum,set_damage,who=op&op=*&value=0.9
100350,on_after_attack,-1,pet,skill,random_cmp=50&type=type&type_cmp=0,add_buff,who=op&id=1001
100388,on_after_dmg_cal,-1,pet,buff,id=3079,set_damage,op=*&value=1.1
100436,on_add_buff,-1,pet,none,none,add_buff,id=3017
100495,on_turn_end,-1,pet,none,weather=11,heal,type=buff&add=me.pet.status.maxHp/16
100761,on_final_dmg_cal,-100,skill,unit,whos_turn=op&type=me.pet.buff[3126].count/op.skill.elementRelation&type[0].op=>&type[0].cmp=0&type[1].op=>&type[1].cmp=1,set_damage,who=op&op=SET&value=op.skill.damage[MIN]200
100762,on_after_dmg_cal,-1,skill,unit,whos_turn=op&type=me.pet.buff[3141].count/op.skill.criticalResult&type[0].op=>&type[0].cmp=0&type[1].cmp=1,set_damage,who=op&op=*&value=3/4
100763,on_before_attack,-1,skill,buff,id=3161,set_skill,type=ignorePowerup&op=SET&value=1
100809,on_add_buff\on_add_buff\on_remove_buff\on_after_dmg_cal,-1\0\-1\-1,pet\pet\pet\skill,none\none\none\none,none\none\none\whos_turn=op,heal\heal\heal\set_damage,max=me.pet.status.initHp/10+me.pet.status.maxHp\add=me.pet.status.initHp/10\max=0-me.pet.status.initHp/10+me.pet.status.maxHp\who=op&op=*&value=1.1
100810,on_after_dmg_cal,-1,skill,pet,type=powerup.atk&powerup.atk_op=>&powerup.atk_cmp=0,set_damage,op=*&value=1.1
100826,on_after_attack,-1,pet,skill,random_cmp=10*me.pet.buff[200826].value+15&type=type&type_cmp=0,heal,add=me.pet.status.maxHp/6
100845,on_add_buff\on_add_buff\on_after_attack\on_after_attack,-1\-1\-1\-1,pet\pet\pet\pet,none\none\skill\skill,none\none\type=type&type_cmp=2\type=type&type_cmp=1,add_buff\add_buff\add_buff\add_buff,id=3121\id=3122\id=3121&value=1\id=3122&value=1
100959,on_turn_end,-1,pet,status,status_type=hp&op=<&cmp_value=1/8,powerup,spd=1
100961,on_before_attack,-1,skill,none,weather=12,set_skill,type=accuracy&op=+&value=50
100962,on_after_dmg_cal,-1,skill,none,whos_turn=op&weather=12,set_damage,who=op&op=*&value=0.9
100963,on_before_attack,-1,pet,none,random_cmp=15&weather=12,add_buff,who=op&id=1002
100964,on_decide_pri,-1,skill,none,weather=12,set_skill,type=priority&op=+&value=2
100965,on_final_dmg_cal,100,skill,none,weather=12,set_damage,op=[MAX]&value=100
100966,on_turn_end,-1,pet,none,weather=12,rage,add=5
100970,on_battle_start\on_after_pet_change,-1\-1,state\state,none\none,none\none,set_weather\set_weather,weather=12\weather=12
100981,on_add_buff\on_remove_buff\on_attack,-1\-1\-1,pet\pet\pet,none\none\unit,none\none\who=op&whos_turn=op&whos_attack=op&is_hit=all&type=op.pet.status.hp&type[0].op=<&type[0].cmp=op.pet.status.maxHp/8,block_buff\block_buff\heal,op=+&type_list=unhealthy\op=-&type_list=unhealthy\add=me.pet.status.maxHp*1/8
100982,on_add_buff\on_remove_buff\on_turn_end\on_before_attack,-1\-1\-1\-1,pet\pet\pet\skill,none\none\status\buff,none\none\status_type=hp&op=<&cmp_value=1/8\whos_turn=op&id=3102&own=true,block_buff\block_buff\rage\set_skill,op=+&type_list=unhealthy\op=-&type_list=unhealthy\type=buff&add=100-me.pet.status.anger\who=op&type=critical&op=-&value=1000
100983,on_add_buff\on_remove_buff\on_add_buff\on_remove_buff,-1\-1\-1\-1,pet\pet\pet\pet,none\none\none\none,none\none\none\none,block_buff\block_buff\rage\rage,op=+&type_list=unhealthy\op=-&type_list=unhealthy\max=200\max=100
100988,on_add_buff\on_remove_buff\on_after_attack,-1\-1\-1,pet\pet\pet,none\none\none,none\none\whos_turn=op&whos_attack=op&who=op,block_buff\block_buff\add_buff,op=+&type_list=unhealthy\op=-&type_list=unhealthy\id=3085&value=1
100989,on_add_buff\on_remove_buff,-1\-1,pet\pet,none\none,none\none,add_status\add_status,type=0/1/2/3/4&add=100\type=0/1/2/3/4&add=-100
100990,on_add_buff\on_remove_buff\on_add_buff\on_remove_buff,-1\-1\-1\-1,pet\pet\pet\pet,none\none\none\none,none\none\none\none,block_buff\block_buff\rage\rage,op=+&type_list=unhealthy\op=-&type_list=unhealthy\min=30\min=0
101990,on_add_buff\on_remove_buff\on_add_buff\on_remove_buff,-1\-1\-1\-1,pet\pet\pet\pet,none\none\none\none,none\none\none\none,block_buff\block_buff\rage\rage,op=+&type_list=abnormal\op=-&type_list=abnormal\min=30\min=0
200001,on_add_buff\on_add_buff\on_remove_buff\on_remove_buff,-1\-1\-1\-1,pet\pet\pet\pet,none\none\none\none,none\none\none\none,add_status\add_status\add_status\add_status,type=6&add=10\type=8&add=10\type=6&add=-10\type=8&add=-10
200004,on_add_buff\on_remove_buff,-1\-1,pet\pet,none\none,none\none,add_status\add_status,type=11&add=20\type=11&add=-20
200007,on_add_buff\on_remove_buff,-1\-1,pet\pet,none\none,none\none,add_status\add_status,type=10&add=20\type=10&add=-20
200010,on_add_buff\on_remove_buff,-1\-1,pet\pet,none\none,none\none,block_buff\block_buff,op=+&id_list=101\op=-&id_list=101
200013,on_add_buff\on_remove_buff,-1\-1,pet\pet,none\none,none\none,block_buff\block_buff,op=+&id_list=1003\op=-&id_list=1003
200016,on_add_buff\on_remove_buff,-1\-1,pet\pet,none\none,none\none,set_pet\set_pet,type=weight&op=+&value=10\type=weight&op=-&value=10
200018,on_add_buff\on_remove_buff,-1\-1,pet\pet,none\none,none\none,block_buff\block_buff,op=+&id_list=1004\op=-&id_list=1004
200020,on_add_buff\on_remove_buff,-1\-1,pet\pet,none\none,none\none,block_buff\block_buff,op=+&id_list=1006\op=-&id_list=1006
200022,on_add_buff\on_remove_buff,-1\-1,pet\pet,none\none,none\none,block_buff\block_buff,op=+&id_list=1008\op=-&id_list=1008
200025,on_add_buff\on_remove_buff,-1\-1,pet\pet,none\none,none\none,block_buff\block_buff,op=+&id_list=108\op=-&id_list=108
200028,on_after_attack,-1,pet,skill,type=id&id_cmp=10413,powerup,spd=1
200030,on_before_attack,-1,skill,buff,id=3061&own=true,set_skill,type=critical&op=+&value=15
200032,on_after_attack,-1,pet,skill,random_cmp=15&who=op&type=type&type_op=>&type_cmp=0,add_buff,who=op&id=1001
200034,on_after_attack,-1,pet,skill,random_cmp=15&who=op&type=type&type_op=>&type_cmp=0,add_buff,who=op&id=3064
200037,on_add_buff\on_remove_buff,-1\-1,pet\pet,none\none,none\none,block_buff\block_buff,op=+&id_list=102\op=-&id_list=102
200039,none,-1,none,none,none,none,none
200041,on_after_dmg_cal,-1,skill,pet,who=op&type=powerup.negCount&powerup.negCount_op=>&powerup.negCount_cmp=0,set_damage,op=*&value=1.1
200046,on_add_buff,-1,pet,none,none,add_buff,id=3068&value=20
200055,none,-1,none,none,none,none,none
200058,on_after_dmg_cal,-1,skill,skill,type=option[group]&option[group]_cmp=58,set_damage,op=*&value=1.1
200061,on_add_buff,-1,pet,none,none,add_buff,id=3028
200072,none,-1,none,none,none,none,none
200074,none,-1,none,none,none,none,none
200090,on_after_attack,-1,pet,buff,who=op&id=104&own=true,rage,add=5
200091,on_after_dmg_cal,-1,skill,skill,type=id&id_cmp=10242,set_damage,op=*&value=1.35
200095,on_final_dmg_cal,100,skill,buff,who=op&id=110&own=true,set_damage,op=[MAX]&value=100
200096,on_turn_end,-1,pet,none,none,heal,type=buff&add=20
200100,none,-1,none,none,none,none,none
200140,on_after_dmg_cal,-1,skill,buff,id=3110&own=true,set_damage,op=*&value=1.1
200146,on_after_attack\on_after_attack,-1\-1,pet\pet,skill\skill,is_hit=false&type=type&type_op=>&type_cmp=0\is_hit=false&type=type&type_op=>&type_cmp=0,rage\rage,add=10\who=op&add=-10
200149,none,-1,none,none,none,none,none
200151,on_after_attack,-100,skill,buff,who=op&id=3279,heal,add=me.skill.damage*1/10
200154,on_after_attack,-1,pet,skill,type=id&id_cmp=10125,rage,add=20
200178,on_before_dmg_cal,-1,skill,skill,type=type&type_cmp=100,set_skill,type=elementRelation&op=SET&value=me.skill.elementRelation[MAX]1
200192,on_after_dmg_cal,-1,skill,unit,type=op.pet.buff[1001].count&type[0].op=>&type[0].cmp=0|type=op.pet.buff[1001].block&type[0].cmp=1,set_damage,op=*&value=1.1
200200,on_turn_end,-1,pet,buff,who=op&id=3033,heal,type=buff&add=25
200214,on_after_attack,-1,pet,skill,type=element&element_cmp=13,rage,add=5
200220,on_after_dmg_cal,-1,skill,unit,whos_turn=op&type=me.pet.cursor&type[0].op=NOT&type[0].cmp=0,set_damage,who=op&op=*&value=0.9
200224,on_after_dmg_cal,-1,skill,skill,type=id&id_cmp=10789,set_damage,op=*&value=1.1
200234,on_before_attack,-1,skill,none,weather=3,set_skill,type=accuracy&op=+&value=1000
200235,on_after_attack,-1,pet,skill,who=op&whos_turn=op&whos_attack=op&type=type&type_cmp=1,heal,who=op&add=-50
200241,on_after_dmg_cal,-1,skill,buff,key=field&type=id&id_cmp=600002,set_damage,op=*&value=0.9
200280,on_turn_end,-1,pet,buff,id=3136&own=true,add_buff,id=3136&value=1
200301,none,-1,none,none,none,none,none
200302,none,-1,none,none,none,none,none
200307,on_add_buff\on_remove_buff,-1\-1,pet\pet,none\none,none\none,block_buff\block_buff,op=+&id_list=1014\op=-&id_list=1014
200320,on_add_buff,-1,pet,none,none,add_buff,id=3088&value=1
200323,on_after_attack,-1,pet,skill,type=option[group]&option[group]_cmp=323,remove_buff,type=unhealthy
200326,none,-1,none,none,none,none,none
200329,on_turn_end,-1,pet,pet,type=dead&dead_cmp=1,powerup,who=op&random=true&random_pdf=uniform&atk=-1&mat=-1&def=-1&mdf=-1&spd=-1
200332,on_add_buff,-1,pet,none,none,add_buff,id=63&value=100
200335,on_after_dmg_cal\on_turn_end,-1\-1,skill\pet,buff\none,whos_turn=op&id=200335&type=value&value_cmp=2\none,set_damage\set_buff,who=op&op=*&value=1/4\id=200335&op=SET&value=2-me.skill.hit
200350,on_before_attack,-1,skill,buff,who=op&id=1001&own=true,set_skill,type=critical&op=+&value=15
200388,on_add_buff,-1,pet,none,none,add_buff,id=3079&value=1
200436,on_after_attack,-1,pet,skill,who=op&whos_turn=op&whos_attack=op&type=type&type_op=>&type_cmp=0,heal,who=op&add=-me.skill.damage[MIN]op.pet.status.maxHp*op.pet.buff[3093].value/10
200495,on_final_dmg_cal,900,skill,none,weather=11,set_damage,op=+&value=35
200761,on_after_attack,-1,pet,skill,type=option[group]&option[group]_cmp=761,rage,who=op&add=-5
200762,on_turn_ready,-1,pet,skill,type=power&power_cmp=0,rage,add=5
200763,on_after_attack,-1,pet,skill,type=combo&combo_op=>&combo_cmp=1,rage,add=5
200809,on_turn_start,-1,pet,none,none,remove_buff,type=unhealthy
200810,on_after_dmg_cal,-1,skill,unit,whos_turn=op&type=me.pet.powerup.def/op.skill.criticalResult&type[0].op=>&type[0].cmp=0&type[1].cmp=1,set_damage,op=*&value=3/4
200826,none,-1,none,none,none,none,none
200845,on_after_dmg_cal,-1,skill,unit,type=me.pet.cursor&type[0].op=NOT&type[0].cmp=0,set_damage,who=op&op=*&value=1.1
200959,on_after_attack,1000,pet,pet,who=op&type=dead&dead_cmp=1,remove_buff,type=abnormal
200961,none,-1,none,none,none,none,none
200962,on_after_attack,-1,pet,skill,type=id&id_cmp=10345,heal,add=120
200963,on_after_attack,-1,pet,skill,type=id&id_cmp=10365,powerup,spd=1
200964,on_battle_start,-1,pet,none,none,rage,add=10
200965,on_decide_pri,-1,skill,skill,type=id&id_cmp=10396,set_skill,type=priority&op=+&value=1
200966,on_after_attack,-1,skill,skill,type=id&id_cmp=10433,remove_buff,id=2/4/6/8/10
200970,on_add_buff\on_remove_buff,-1\-1,pet\pet,none\none,none\none,block_buff\block_buff,op=+&type_list=abnormal\op=-&id_list=abnormal
200981,on_add_buff,-1,pet,none,none,add_buff,id=3075
200982,on_add_buff,-1,pet,none,none,add_buff,id=3103
200983,on_add_buff,-1,pet,none,none,add_buff,id=3148
200988,on_add_buff,-1,pet,none,none,add_buff,id=3086
200989,on_add_buff,-1,pet,none,none,add_buff,id=99
200990,none,-1,none,none,none,none,none
201990,none,-1,none,none,none,none,none
900001,on_after_attack,-1,pet,skill,weather=2&type=type&type_op=>&type_cmp=0,rage,add=5
900004,on_before_attack,-1,skill,none,weather=3,set_skill,type=critical&op=+&value=15
900007,on_before_attack,-1,skill,skill,weather=1&whos_turn=op&who=op&type=criticalResult&criticalResult_cmp=1,set_damage,who=op&op=*&value=3/4
900010,on_decide_pri,-1,skill,unit,type=me.pet.status.hp/me.skill.element&type[0].op=<&type[0].cmp=me.pet.status.maxHp*0.25&type[1].cmp=6,set_skill,type=priority&op=+&value=1
800001,on_before_dmg_cal,-1,pet,skill,type=element&element_cmp=16,set_skill,type=sameElement&op=SET&value=1.5
800004,on_before_attack,-1,skill,status,who=op&status_type=anger&op=>&cmp_value=50,set_skill,type=power&op=+&value=15
800007,on_final_dmg_cal,900,skill,skill,type=type&type_cmp=1,set_damage,op=+&value=op.pet.buff[3007].value*35
800010,on_after_attack,-1,skill,unit,random_cmp=35&type=me.pet.status.hp/me.skill.id&type[0].op=<&type[0].cmp=me.pet.status.maxHp*0.25&type[1].cmp=10153,add_buff,id=38
500000,none,-1,none,none,none,none,none
500001,on_after_dmg_cal,-1,skill,skill,type=element&element_cmp=1|type=element&element_cmp=13,set_damage,op=*&value=1.35
500002,on_after_dmg_cal,-1,skill,skill,type=element&element_cmp=2,set_damage,op=*&value=1.35
500003,on_after_dmg_cal,-1,skill,skill,type=element&element_cmp=3,set_damage,op=*&value=1.35
500004,on_after_dmg_cal,-1,skill,skill,type=element&element_cmp=9,set_damage,op=*&value=1.35
500005,on_after_dmg_cal,-1,skill,skill,type=element&element_cmp=17,set_damage,op=*&value=1.35
500006,on_after_dmg_cal,-1,skill,skill,type=element&element_cmp=8,set_damage,op=*&value=1.35
500007,on_after_dmg_cal,-1,skill,skill,type=element&element_cmp=7,set_damage,op=*&value=1.35
500008,on_after_dmg_cal,-1,skill,skill,type=element&element_cmp=6|type=element&element_cmp=4,set_damage,op=*&value=1.35
500009,on_after_dmg_cal,-1,skill,skill,type=element&element_cmp=12|type=element&element_cmp=15,set_damage,op=*&value=1.35
500010,on_after_dmg_cal,-1,skill,skill,type=element&element_cmp=10|type=element&element_cmp=14,set_damage,op=*&value=1.35
500011,on_after_dmg_cal,-1,skill,skill,type=element&element_cmp=11|type=element&element_cmp=16|type=element&element_cmp=20,set_damage,op=*&value=1.35
500012,on_after_dmg_cal,-1,skill,skill,type=element&element_cmp=12|type=element&element_cmp=18,set_damage,op=*&value=1.35
500013,on_after_dmg_cal,-1,skill,skill,type=element&element_cmp=5,set_damage,op=*&value=1.35
400001,none,-1,none,none,none,none,none
400002,none,-1,none,none,none,none,none
400003,on_dmg_cal\on_dmg_cal\on_after_dmg_cal,1000\1001\-1,pet\skill\skill,none\none\none,none\none\none,set_buff\set_skill\set_damage,id=400003&type=value&op=SET&value=me.pet.status.cri+me.skill.critical[MAX]0\type=critical&op=SET&value=-9999\op=*&value=value/100+1[MIN]2
400004,none,-1,none,none,none,none,none
400005,on_add_buff\on_remove_buff,-1\-1,pet\pet,none\none,none\none,add_status\add_status,type=0&add=50\type=0&add=-50
400006,on_add_buff\on_remove_buff,-1\-1,pet\pet,none\none,none\none,add_status\add_status,type=1&add=50\type=1&add=-50
400007,on_add_buff\on_remove_buff,-1\-1,pet\pet,none\none,none\none,add_status\add_status,type=2&add=50\type=2&add=-50
400008,on_add_buff\on_remove_buff,-1\-1,pet\pet,none\none,none\none,add_status\add_status,type=3&add=50\type=3&add=-50
400009,on_add_buff\on_remove_buff,-1\-1,pet\pet,none\none,none\none,add_status\add_status,type=4&add=50\type=4&add=-50
400010,on_add_buff\on_remove_buff,-1\-1,pet\pet,none\none,none\none,add_status\add_status,type=0&add=100\type=0&add=-100
400011,on_add_buff\on_remove_buff,-1\-1,pet\pet,none\none,none\none,add_status\add_status,type=1&add=100\type=1&add=-100
400012,on_add_buff\on_remove_buff,-1\-1,pet\pet,none\none,none\none,add_status\add_status,type=2&add=100\type=2&add=-100
400013,on_add_buff\on_remove_buff,-1\-1,pet\pet,none\none,none\none,add_status\add_status,type=3&add=100\type=3&add=-100
400014,on_add_buff\on_remove_buff,-1\-1,pet\pet,none\none,none\none,add_status\add_status,type=4&add=100\type=4&add=-100
400015,on_add_buff\on_remove_buff,-1\-1,pet\pet,none\none,none\none,add_status\add_status,type=0&add=value\type=0&add=-value
400016,on_add_buff\on_remove_buff,-1\-1,pet\pet,none\none,none\none,add_status\add_status,type=1&add=value\type=1&add=-value
400017,on_add_buff\on_remove_buff,-1\-1,pet\pet,none\none,none\none,add_status\add_status,type=2&add=value\type=2&add=-value
400018,on_add_buff\on_remove_buff,-1\-1,pet\pet,none\none,none\none,add_status\add_status,type=3&add=value\type=3&add=-value
400019,on_add_buff\on_remove_buff,-1\-1,pet\pet,none\none,none\none,add_status\add_status,type=4&add=value\type=4&add=-value
410000,on_add_buff\on_remove_buff,-1\-1,pet\pet,none\none,none\none,add_status\add_status,type=0&mult=5/4\type=0&mult=4/5
410001,on_add_buff\on_remove_buff,-1\-1,pet\pet,none\none,none\none,add_status\add_status,type=1&mult=5/4\type=1&mult=4/5
410002,on_add_buff\on_remove_buff,-1\-1,pet\pet,none\none,none\none,add_status\add_status,type=2&mult=5/4\type=2&mult=4/5
410003,on_add_buff\on_remove_buff,-1\-1,pet\pet,none\none,none\none,add_status\add_status,type=3&mult=5/4\type=3&mult=4/5
410004,on_add_buff\on_remove_buff,-1\-1,pet\pet,none\none,none\none,add_status\add_status,type=4&mult=5/4\type=4&mult=4/5
410005,on_add_buff\on_add_buff\on_remove_buff,-1\0\-1,pet\pet\pet,none\none\none,none\none\none,heal\heal\heal,max=me.pet.status.initHp/4+me.pet.status.maxHp\add=me.pet.status.initHp/4\max=0-me.pet.status.initHp/4+me.pet.status.maxHp
410006,on_before_attack,-1,skill,none,none,set_skill,type=accuracy&op=+&value=15
410007,on_before_attack,-1,skill,none,none,set_skill,type=critical&op=+&value=15
410008,on_add_buff\on_remove_buff,-1\-1,pet\pet,none\none,none\none,add_status\add_status,type=8&add=15\type=8&add=-15
410009,on_add_buff\on_remove_buff,-1\-1,pet\pet,none\none,none\none,add_status\add_status,type=9&add=15\type=9&add=-15
410010,on_turn_start,-1,pet,none,none,rage,add=15
410011,on_turn_end,-1,pet,none,none,rage,who=op&add=-15
420001,on_after_attack\on_before_attack,-1\-1,pet\skill,skill\unit,type=type&type_cmp=0\type=me.pet.baseId/me.skill.type&type[0].cmp=10&type[1].cmp=0,rage\set_skill,add=5\type=accuracy&op=+&value=25
420002,on_turn_end\on_before_attack,-1\-1,pet\skill,none\pet,weather=1\type=baseId&baseId_cmp=13,heal\set_skill,type=buff&add=me.pet.status.maxHp/16\type=power&op=+&value=10
420003,on_add_buff\on_remove_buff\on_before_attack,-1\-1\-1,pet\pet\skill,none\none\unit,none\none\type=me.pet.baseId/me.skill.type&type[0].cmp=146&type[1].op=>&type[1].cmp=0,block_buff\block_buff\set_skill,op=+&type_list=abnormal\op=-&type_list=abnormal\type=accuracy&op=+&value=25
420004,on_add_buff\on_remove_buff\on_before_attack,-1\-1\-1,pet\pet\skill,none\none\unit,none\none\whos_turn=op&type=me.pet.baseId/op.skill.type&type[0].cmp=151&type[1].op=>&type[1].cmp=0,block_buff\block_buff\set_skill,op=+&type_list=unhealthy\op=-&type_list=unhealthy\who=op&type=accuracy&op=-&value=25
420005,on_add_buff\on_remove_buff\on_turn_end,-1\-1\-1,pet\pet\pet,none\none\pet,none\none\type=baseId&baseId_cmp=16,set_pet\set_pet\add_buff,type=weight&op=+&value=50\type=weight&op=-&value=50\id=3040&value=1
420006,on_turn_end\on_after_dmg_cal,100\-1,pet\skill,none\pet,none\whos_turn=op&type=baseId&baseId_cmp=18,set_damage\set_damage,who=op&type=buff&op=+&value=op.pet.buff[1004].value\who=op&type=*&value=0.85
430001,on_before_attack\on_before_attack,-1\0,skill\pet,skill\skill,type=type/power&type_op=>&type_cmp=0&power_op=<&power_cmp=me.pet.weight\random_cmp=25&type=type/power&type_op=>&type_cmp=0&power_op=<&power_cmp=me.pet.weight,set_skill\add_buff,type=combo&op=+&value=1\id=105&turn=1
430002,on_turn_end\on_turn_end,-1\-1,pet\pet,none\none,none\none,heal\heal,type=buff&add=me.pet.status.maxHp/12\who=op&type=buff&add=me.pet.status.maxHp/12
430003,on_after_dmg_cal\on_turn_end,-1\-1,skill\pet,none\none,whos_turn=op\none,set_damage\rage,who=op&op=*&value=1.15\add=10
440000,on_add_buff,-1,pet,none,none,add_buff,id=3152
600002,on_after_attack,-1,pet,skill,random_cmp=25&who=op&whos_turn=op&whos_attack=op&type=type&type_op=>&type_cmp=0,add_buff,id=1000
600008,on_turn_end,-1,pet,none,none,powerup,random=true&atk=-1&mat=-1&def=-1&mdf=-1&spd=-1&random_pdf=uniform
-11,none,-1,none,none,none,none,none
-12,none,-1,none,none,none,none,none
-13,none,-1,none,none,none,none,none
-14,none,-1,none,none,none,none,none
-15,none,-1,none,none,none,none,none
-16,none,-1,none,none,none,none,none
-17,none,-1,none,none,none,none,none
-18,none,-1,none,none,none,none,none
-3000,on_add_buff,-1,pet,none,none,powerup,atk=2
-3001,on_add_buff\on_remove_buff,-1\-1,pet\pet,none\none,none\none,set_pet\set_pet,type=weight&op=+&value=80000\type=weight&op=-&value=80000
-3002,on_before_attack,-100,skill,buff,id=3040&own=false,set_skill,type=id&op=SET&value=10253&set_anger=true
-3003,on_before_attack,-100,skill,pet,who=op&type=buff[abnormal].block&buff[abnormal].block_cmp=1,set_skill,type=id&op=SET&value=10313&set_anger=true
-3004,on_before_attack,-100,skill,pet,who=op&type=powerup.posMax&powerup.posMax_op=>&powerup.posMax_cmp=2,set_skill,type=id&op=SET&value=10314&set_anger=true
-3005,on_before_attack,-100,skill,buff,id=3017&own=false,add_buff,id=32
-3006,on_before_attack,-100,skill,buff,id=3051&type=value&value_op=GTE&value_cmp=400,set_skill,type=id&op=SET&value=10346&set_anger=true
-3007,on_after_attack,-1,pet,skill,whos_turn=op&who=op&whos_attack=op&type=type&type_op=>&type_cmp=0,add_buff,who=op&id=104
-3008,on_before_attack,-100,skill,buff,who=op&id=3070&own=false,set_skill,type=id&op=SET&value=10489&set_anger=true
-3009,on_after_dmg_cal\on_after_dmg_cal,-1\-1,skill\skill,skill\skill,type=type&type_cmp=1\type=type&type_cmp=100,set_damage\set_damage,op=*&value=100\op=*&value=10
-3010,on_after_dmg_cal\on_after_dmg_cal,-1\-1,skill\skill,skill\skill,type=type&type_cmp=2\type=type&type_cmp=100,set_damage\set_damage,op=*&value=100\op=*&value=10
-3011,on_add_buff,-1,state,none,none,add_buff,key=field&id=600008
-3012,on_turn_start,-1,pet,none,none,add_buff,who=op&id=59
-3013,on_after_attack,-1000,pet,status,is_hit=all&whos_turn=op&status_type=hp&cmp_value=0,heal,set=me.pet.status.maxHp/12
-3014,on_turn_start,-1,pet,status,status_type=hp&op=LTE&cmp_value=100000,add_buff,id=3058&turn=-1
-3015,on_turn_start,-1,pet,status,status_type=hp&op=LTE&cmp_value=40000,add_buff,id=3051&turn=-1
-3016,on_add_buff,-1,state,none,none,add_buff,key=field&id=600002
-3017,on_before_attack,-100,skill,status,status_type=hp&cmp_value=1,set_skill,type=id&op=SET&value=10760&set_anger=true
-3018,on_turn_end,-1,pet,none,none,copy_buff,id=1/3/5/7/9&source=op&target=me&transfer=true
-3019,on_before_attack,-100,skill,unit,type=op.pet.defElementRelation[2]&type[0].op=>&type[0].cmp=op.pet.defElementRelation[9],set_skill,type=id&op=SET&value=10792&set_anger=true
-3020,on_battle_start,-1,pet,none,none,add_buff,id=3108&turn=-2
-3021,on_after_attack,-1,pet,skill,who=op&whos_turn=op&whos_attack=op&type=type&type_op=>&type_cmp=0,add_status,who=op&type=0/1/2/3/4&add=-100
-3022,on_add_buff,-1,pet,none,none,add_buff,id=95&value=2
-3023,on_add_buff\on_remove_buff,-1\-1,pet\pet,none\none,none\none,rage\rage,max=500\max=100
-3024,on_after_attack\on_after_attack\on_after_attack\on_after_attack,9996\9997\9998\9999,pet\pet\pet\pet,unit\unit\unit\unit,whos_turn=op&whos_attack=op&type=me.pet.dead&type[0].cmp=1\whos_turn=op&whos_attack=op&type=me.pet.dead&type[0].cmp=1\whos_turn=op&whos_attack=op&type=me.pet.dead&type[0].cmp=1\whos_turn=op&whos_attack=op&type=me.pet.dead&type[0].cmp=1,set_pet\heal\heal\remove_buff,type=id&op=SET&value=761\max=2000\set=me.pet.status.maxHp\id=-3024
-3025,on_turn_ready\on_turn_ready,-1000\-999,skill\pet,pet\pet,type=id&id_cmp=761\type=id&id_cmp=761,set_skill\add_buff,type=id&op=SET&value=10913\id=3128
-3026,on_before_attack\on_before_attack\on_before_attack\on_attack\on_after_attack,-1\-1\-1\1000\1000,pet\pet\pet\skill\pet,unit\skill\skill\buff\buff,whos_turn=op&type=me.pet.buff[3026].value/op.skill.type&type[0].op=<&type[0].cmp=100&type[1].op=>&type[1].cmp=0\who=op&whos_turn=op&type=type&type_cmp=0\who=op&whos_turn=op&type=type&type_cmp=-3\id=-3026&type=value&value_cmp=100\id=-3026&type=value&value_cmp=100,set_buff\set_buff\set_buff\set_damage\heal,id=-3026&type=value&op=-&value=10\id=-3026&type=value&op=+&value=10\id=-3026&type=value&op=+&value=20\op=SET&value=99999\who=op&add=-99999
-3027,on_turn_ready\on_final_dmg_cal,-100\100,skill\skill,status\skill,status_type=anger&op=GTE&cmp_value=200\type=id&id_cmp=11049,set_skill\set_damage,type=id&op=SET&value=11049&set_anger=true\op=[MAX]&value=200
-3028,on_after_attack,-1,pet,none,none,add_buff,who=op&id=57
-3029,on_after_attack,-1,pet,none,none,add_buff,who=op&id=1011
-3030,on_add_buff,-1,pet,none,none,add_buff,id=65&value=2