id,name,type,copyType,turn,options,description
-7,变身特权,mark,none,-1,hide=true,变身保留最大体力并回满血量
-6,展开／收起印记,mark,block,-1,none,展开／收起印记的按钮
-5,展开／收起印记,mark,block,-1,none,展开／收起印记的按钮
-4,倒数计时,turn,replace,5,none,倒数结束时获胜
-3,随机技能,mark,replace,-1,hide=true,随机在可用技能中出招
-2,稀有精灵,mark,replace,-1,hide=true,捕捉机率变为三分之一
-1,默认,mark,block,-1,hide=true,默认
1,物攻強化,mark,stack,-1,none,物攻強化[value]級
2,物攻弱化,mark,stack,-1,none,物攻弱化[value]級
3,特攻強化,mark,stack,-1,none,特攻強化[value]級
4,特攻弱化,mark,stack,-1,none,特攻弱化[value]級
5,物防強化,mark,stack,-1,none,物防強化[value]級
6,物防弱化,mark,stack,-1,none,物防弱化[value]級
7,特防強化,mark,stack,-1,none,特防強化[value]級
8,特防弱化,mark,stack,-1,none,特防弱化[value]級
9,速度強化,mark,stack,-1,none,速度強化[value]級
10,速度弱化,mark,stack,-1,none,速度弱化[value]級
11,无法强化,mark,replace,-1,none,无法获得能力强化
12,免疫弱化,mark,replace,-1,none,免疫能力弱化状态
13,免疫不良,mark,replace,-1,none,免疫不良状态
14,免疫異常,mark,replace,-1,none,免疫異常状态
15,硬化,mark,replace,-1,none,受到的物理伤害减半。
16,柔化,mark,replace,-1,none,受到的特殊伤害减半。
17,必中,mark,replace,-1,none,必中+6
18,闪避,mark,replace,-1,none,闪避率增加100%
19,回复,mark,replace,-1,none,每回合回复自身所有体力
20,暴怒,mark,replace,-1,none,每回合回复15怒气
21,干扰,mark,replace,-1,none,命中下降15%
22,神准,mark,replace,-1,none,命中上升15%
23,先制,mark,replace,-1,none,先制+6
24,后制,mark,replace,-1,none,后制-6
25,硬化,mark,replace,-1,res=15,免疫物理伤害
26,柔化,mark,replace,-1,res=16,免疫特殊伤害
27,暴击,mark,replace,-1,none,必定暴击
28,暴伤,mark,replace,-1,none,暴击时造成的伤害2倍
29,暴击抵抗,mark,replace,-1,none,暴击抵抗增加100%
30,暴伤抵抗,mark,replace,-1,none,免疫暴击伤害
31,护盾,shield,max,-1,auto_remove=true,当前可以吸收[value]点伤害
32,限伤,shield,min,-1,none,受到的伤害不超过[value]
33,吸收,chance,replace,-1,res=32&keep=false,吸收对手下一次的攻击伤害
34,限伤,chance,min,-1,res=32,下一次受到的伤害不超过[value]
35,必中,chance,replace,-1,res=17&keep=false,下一次技能必中（包括属性技能）
36,闪避,chance,replace,-1,res=18&keep=false,闪避下一次技能（包括属性技能）
37,必中,chance,replace,-1,res=17&keep=false,下一次攻击必中（不包括属性技能）
38,闪避,chance,replace,-1,res=18&keep=false,闪避下一次攻击（不包括属性技能）
39,闪避,turn,replace,1,res=18&keep=false,闪避对手的技能（包括属性技能）
40,闪避,turn,replace,1,res=18&keep=false,闪避对手的攻击（不包括属性技能）
41,暴击率提升,mark,replace,-1,res=27,暴击率增加15%
42,暴击伤害提升,mark,replace,-1,res=28,暴击时造成的伤害增加35%
43,软甲,mark,replace,-1,none,免疫克制伤害
44,硬甲,mark,replace,-1,res=43,免疫非暴击伤害
45,纯净,mark,replace,-1,none,获得的能力强化效果翻倍
46,浑浊,mark,replace,-1,none,受到的能力弱化效果翻倍
47,反射,mark,replace,-1,none,反射一半攻击伤害，最高不超过自身最大体力的一半
48,反射,mark,replace,-1,res=47,反射全部攻击伤害，最高不超过自身最大体力
49,反射,chance,replace,-1,res=47,反射下一次攻击的一半伤害，最高不超过自身最大体力的一半
50,反射,chance,replace,-1,res=47,反射下一次攻击的全部伤害，最高不超过自身最大体力
51,反射物攻,chance,replace,-1,none,反射下一次物理攻击的一半伤害，最高不超过自身最大体力的一半
52,反射物攻,chance,replace,-1,res=51,反射下一次物理攻击的全部伤害，最高不超过自身最大体力
53,反射特攻,chance,replace,-1,none,反射下一次特殊攻击的一半伤害，最高不超过自身最大体力的一半
54,反射特攻,chance,replace,-1,res=53,反射下一次特殊攻击的一半伤害，最高不超过自身最大体力
55,星刃解封,mark,replace,-1,none,使物攻伤害不低于150
56,星辉解封,mark,replace,-1,res=55,使特攻伤害不低于150
57,禁疗,mark,replace,-1,none,无法恢复体力
58,镇静,mark,replace,-1,res=57,无法恢复怒气（攻击命中与回合结束回复的怒气除外）
59,连击数降低,mark,replace,-1,none,所有技能连击数-2（连击数为2以下的技能不会造成伤害）
60,连击数提升,mark,replace,-1,none,所有技能连击数+2
61,血脉逆流,mark,replace,-1,none,即使怒气不足仍可使用技能，但会损失相应体力，1点怒气对应[value]点体力
62,血怒通流,mark,replace,-1,res=61,回合结束时使所有怒气转换成体力，1点怒气对应[value]点体力
63,怒气传递,mark,replace,-1,none,替换下场只会使下一只精灵保留[value]%的怒气
64,怒气接受,mark,replace,-1,res=63,替换上场只会保留上一只精灵传递折损后的[value]%怒气
65,多段行动,mark,replace,-1,none,1回合中可以行动[value]次
66,转移治疗,mark,replace,-1,res=-14,回复的体力全部转移给背包中首位其他存活的受伤精灵[ENDL]（回合结束回复的体力除外）
67,随机数提升,mark,replace,-1,none,我方条件类随机数提升[value]
68,随机数固定,mark,replace,-1,none,我方条件类随机数固定为[value]
69,反馈不良,mark,replace,-1,res=13,反馈不良状态（此印记不免疫不良状态）
70,反馈異常,mark,replace,-1,none,反馈異常状态（此印记不免疫異常状态）
71,免疫百分比不良,mark,replace,-1,res=125,免疫不良状态造成的百分比体力流失
72,免疫持续异常,mark,replace,-1,res=126,回合结束时若自身无法行动则会获得5回合免疫异常
73,格挡,mark,max,-1,res=15,受到的物理伤害减少[value]点
74,招架,mark,max,-1,res=16,受到的特殊伤害减少[value]点
93,血液反噬,mark,replace,-1,none,体力流失（不显示伤害的）变为恢复体力
94,能力反转,mark,replace,-1,none,获得的能力变化效果相反
95,至尊光环,mark,replace,-1,none,自身弱化不超过[value]级，对手强化不超过[value]级
96,限伤,mark,replace,-1,none,受到的伤害不超过最大体力的1/[value]
97,暴怒,mark,replace,-1,hide=true,锁定100怒气
98,环境锁定,mark,replace,-1,none,锁定环境效果
99,王者体质,mark,replace,-1,none,免疫秒杀效果
101,魅惑,abnormal,replace,2,none,受到魅惑，无法行动
102,害怕,abnormal,replace,2,none,害怕对手，无法行动
103,瘫痪,abnormal,replace,2,none,无法行动，被攻击会复原
104,麻痹,abnormal,replace,5,none,攻击时40%几率被迫中断
105,昏迷,abnormal,replace,2,none,昏迷中，无法行动
106,睡眠,abnormal,replace,2,none,无法行动，被攻击会苏醒
107,石化,abnormal,replace,2,none,无法行动，受到暴击几率提升10%，被暴击会解除
108,窒息,abnormal,replace,2,none,窒息中，无法行动
109,冰冻,abnormal,replace,2,none,受到冰冻，无法行动[ENDL]受到暴击伤害提升20%，且受到暴击会解冻
110,恐惧,abnormal,replace,2,movable=true,随机在可用技能中出招，受到超过100点伤害会清醒
113,混乱,abnormal,replace,-1,movable=true,下次造成的攻击伤害将转为作用于自身
114,沉默,abnormal,replace,2,movable=true,属性技能命中率下降100%
115,禁锢,abnormal,replace,2,movable=true,物攻技能命中率下降100%
116,术牢,abnormal,replace,2,movable=true,特攻技能命中率下降100%
120,停滞,abnormal,replace,1,movable=true,自身的主动换场会失效
123,疲惫,abnormal,replace,2,none,非常疲惫，无法行动
1000,溺水,unhealthy,replace,3,none,每回合损失1/8体力，且命中率降低10%（对水系无效）
1001,烧伤,unhealthy,replace,3,none,每回合损失1/8体力，且造成的物理攻击伤害降低25%（对火系无效）
1002,冻伤,unhealthy,replace,3,none,每回合损失1/8体力，且造成的特殊攻击伤害降低25%（对冰系无效）
1003,中毒,unhealthy,replace,3,none,每回合损失1/8体力，且受到的治疗效果降低15%
1004,流血,unhealthy,replace,3,none,每回合损失[value]点体力
1005,恶心,unhealthy,replace,2,none,命中下降50%
1006,失明,unhealthy,replace,2,none,命中下降50%
1007,寄生,unhealthy,replace,5,none,每回合损失自身当前体力的1/8恢复对手，恢复量不超过对手最大体力的1/8（对草系无效）
1008,慢性毒药,unhealthy,stack,-1,max_val=10,每回合每层慢性毒药损失10点体力，最多叠加10层。[ENDL]当前为[value]层
1011,烫伤,unhealthy,replace,3,none,受到特殊攻击时，使自身损失1/8体力
1013,燃烧,unhealthy,replace,-1,none,每回合损失30点体力
1014,干裂,unhealthy,replace,3,none,每回合损失1/8体力，且受到的怒气回复效果降低20%（对风系无效）
1020,药剂反噬,unhealthy,replace,-1,none,恢复体力变为失去体力（此状态为不良状态）
3000,弱点记号,mark,stack,-1,inherit=true&legacy=true&auto_remove=true&max_val=2,每1个记号使速度下降25点，最多叠加2个。[ENDL]当前为[value]个
3001,易伤,mark,replace,-1,none,受到的伤害增加50%
3002,寄生炸弹,turn,replace,3,keep=false,爆炸时损失300点体力
3003,迷惑,chance,replace,-1,none,使对手下一次造成的伤害减半并且另一半由对手承担
3004,穿击波,mark,stack,-1,keep=false&hide=true&max_val=3,穿击波连续命中[value]次
3005,花草护体,mark,replace,-1,res=29,暴击抵抗增加25%
3006,金光绿叶,turn,replace,3,none,每回合回复自身10点怒气
3007,花粉,mark,replace,-1,none,暴击率降低25%
3008,魔焰裂空击,turn,replace,5,res=27,暴击率增加15%
3009,致命水枪,mark,stack,-1,keep=false&hide=true&max_val=3,致命水枪连续命中[value]次
3010,水枪连波,mark,stack,-1,keep=false&hide=true&max_val=3,水枪连波连续命中[value]次
3011,玩水,turn,replace,5,res=16&keep=false,受到的火系攻击伤害减半
3012,瞄准,mark,replace,-1,none,特殊攻击忽视对手25%当前特防值
3013,穿透水炮,mark,stack,-1,keep=false&hide=true&max_val=3,穿透水炮连续命中[value]次
3014,佯攻,chance,replace,-1,none,下一次技能威力+50[ENDL]（佯攻除外）
3015,必中,chance,replace,-1,res=17&keep=false,下一次技能必中
3016,炎之意志,chance,replace,-1,none,下一次攻击伤害增加100%
3017,不屈,chance,replace,-1,none,下一次受到致死攻击时，保留1点体力
3018,拉奥呼唤,turn,replace,3,res=19,每回合回复自身13%体力
3019,种子,mark,replace,-1,auto_remove=true,自身受到攻击伤害时，消耗1个种子以减少20%受到的伤害[ENDL]当前为[value]个
3020,命中低下,mark,replace,-1,res=21,命中下降15%
3021,命中提升,mark,replace,-1,res=22,命中上升25%
3022,强化状态,turn,replace,5,none,使自身技能威力+50
3023,闪避,turn,replace,1,res=18,闪避率增加100%
3024,幻觉,turn,replace,5,none,使自身属性技能必中
3025,葵花种子,mark,replace,-1,none,造成的伤害降低15%
3026,无力草,turn,replace,5,none,特殊攻击造成的伤害减半
3027,吸收草,chance,replace,-1,none,吸收对手下一次的攻击伤害
3028,爱的名义,mark,replace,-1,none,使自身所有技能必中
3029,誓言之约,turn,replace,6,none,结束时恢复所有体力
3030,生息,turn,replace,5,none,每回合回复15怒气
3031,静养,turn,replace,5,res=19,每回合回复1/16体力
3032,永恒之光,turn,replace,3,res=19,每回合回复1/12体力
3033,荧光花粉,mark,replace,-1,res=21,命中下降15%
3034,花粉弥漫,mark,replace,-1,max_val=3,每一层使自身受到伤害减少15%。受到攻击时增加1层，最多叠加3层。[ENDL]当前为[value]层
3035,永恒极光,turn,replace,3,none,击败对手则恢复200点体力
3036,致胜约束,turn,replace,2,none,使自己的怒气不低于20
3037,森林祝福,mark,replace,-1,none,体力回复率提高25%
3038,再生,turn,replace,5,res=19,每回合回复1/8体力
3039,森之源,turn,replace,5,res=19,每回合回复1/16体力
3040,增重,mark,stack,-1,auto_remove=true&max_val=2,增重50KG，最多叠加2层。[ENDL]当前为[value]层
3041,失重,turn,replace,2,none,减重75KG
3042,硬化,turn,replace,5,res=15,受到的物理伤害减少25%
3043,树皮包扎,turn,replace,3,res=19,每回合回复1/12体力
3044,麦麦金针,mark,replace,-1,none,特殊攻击造成的伤害减少20%
3045,麦迪金针,mark,replace,-1,none,受到的伤害增加75%
3046,金针粉末,mark,replace,-1,none,造成的伤害降低50%
3047,针刺冲撞,mark,replace,-1,none,物理攻击造成的伤害减少25%
3048,收回金针,turn,replace,3,res=19,每回合回复1/12体力
3049,剧毒身体,turn,replace,3,none,受到攻击时50%使对手中毒
3050,蓄电,turn,replace,3,none,使自身电系技能伤害增加70%
3051,星尘幻盾,shield,max,-1,none,受到的伤害不超过400且每回合刷新并记录上一次受到的伤害值
3052,蓝色水球,mark,max,-1,auto_remove=true,使特攻技能附加效果并以双攻之中较高的一项作为攻击力
3053,红色水球,mark,max,-1,auto_remove=true,使物攻技能附加效果并以双攻之中较高的一项作为攻击力
3054,涟漪盾,turn,replace,5,res=16&keep=false,受到的水系攻击伤害减半
3055,光武神通,chance,block,-1,none,在承受到一次伤害后记录此次伤害值的一半，使自身下个技能伤害附加记录值
3056,光武灵通,chance,block,-1,none,在承受到一次伤害后记录此次伤害值的一半，使自身生成一个记录值的护盾
3057,灵通传达,chance,replace,-1,none,造成的伤害低于100则减少自身15怒气
3058,星辰回转,turn,replace,3,none,借助星辰之力吞噬高于600点的伤害且反噬给对手，最高不超过自身最大体力的2倍
3059,星屑,turn,replace,3,none,无法恢复体力
3060,星之尾,mark,replace,-1,none,移除特定技能的负面效果
3061,水纹,mark,replace,-1,none,暴击率提升10%
3062,水纹屏障,chance,replace,-1,none,失去护盾时使自身下一次造成的伤害增加50%
3063,水盾,turn,replace,5,res=47,反射物理攻击的一半伤害，最高不超过自身最大体力的一半
3064,眩晕,turn,replace,5,none,速度值减少50点
3065,水龙缠绕,chance,replace,-1,none,下一次攻击连击数改为1
3066,充电,chance,replace,-1,res=3050,下一次使用电系技能伤害翻倍
3067,雷神觉醒,turn,replace,3,none,每回合回复35点怒气
3068,星之辉,mark,stack,-1,res=67,特定技能效果触发率提升[value]%
3069,后空翻,turn,replace,1,res=18,躲避物理攻击，但自身受到特殊攻击伤害翻倍
3070,无力,mark,replace,-1,none,造成的伤害降低25%
3071,洪流,turn,replace,3,keep=false,每回合损失55点体力
3072,精华护体,turn,replace,5,none,前3回合受到物理伤害减半，后2回合受到的特殊伤害减半。
3073,生命倒流,mark,block,-1,none,提升自身1/8体力最大值（整场战斗只能发动一次）
3074,生命复苏,chance,replace,-1,keep=false&inherit=true,主动换场时下一个出场精灵恢复1/4体力
3075,复苏领域,mark,replace,-1,inherit=true,对手攻击时若自身体力低于1/2会恢复自身1/12体力
3076,光之盾,shield,replace,-1,none,使对手的技能失效
3077,物理伤害增加,chance,replace,-1,none,使下一次物理技能伤害增加[value]%
3078,特殊伤害增加,chance,replace,-1,none,使下一次特殊技能伤害增加[value]%
3079,星的指引,mark,replace,-1,none,自身使用属性技能的当回合，对手的主动换场会失效
3080,弱化状态,turn,replace,5,none,使自身技能威力-50
3081,回归之约,mark,max,-1,none,纪录当前体力值
3082,星坠预言,turn,block,-1,res=3002&keep=false,爆炸时损失300点体力
3083,摄动,turn,replace,5,none,特质系技能转变为暗影系
3084,命中低下,turn,replace,1,res=21,必中-2
3085,影钩,mark,stack,-1,auto_remove=true&max_val=16,攻击时每枚影钩有5%概率使对手恐惧，最多叠加16枚[ENDL]当前为[value]枚
3086,幻视领域,mark,replace,-1,inherit=true,回合结束时若自身体力低于1/2会使对方随机1项能力下降1级
3087,光滑,turn,replace,2,res=18&keep=false,闪避率提高75%，但受到的伤害翻倍
3088,影子,mark,stack,-1,max_val=6&auto_remove=true,搜集到的影子，最多6个[ENDL]当前为[value]个
3089,无影,turn,replace,5,none,使速度下降50点
3090,影子模仿,mark,block,-1,none,战斗开始时变身为对方的样子
3091,空气储量,mark,replace,-1,auto_remove=true,剩余空气储量
3092,羽突式,mark,stack,-1,max_val=3,使物攻增加35点，最高叠加3层[ENDL]当前为[value]层
3093,棒骨,mark,replace,-1,none,反弹10%受到的伤害，最高不超过自身最大体力的10%[ENDL]回合结束时有30%概率变成巫骨
3094,巫骨,turn,replace,2,none,自身攻击技能威力减半且回合结束时恢复受到伤害2倍的体力
3095,骨甲,mark,stack,-1,max_val=3,使物防增加35点，最高叠加3层[ENDL]当前为[value]层
3096,肉钩,mark,stack,-1,keep=false&hide=true&max_val=3,肉钩连续命中[value]次
3097,黑洞,chance,replace,-1,keep=false,吸收并反弹必杀技以外的攻击伤害（最高不超过自身最大体力）并使对手属性技能失效[ENDL]对手出手后移除
3098,温盐环流,turn,replace,5,res=19,每回合回复1/8体力
3099,神秘光海,chance,replace,-1,keep=false&inherit=true,主动换场时下一个出场精灵强化双防1级
3100,水量充足,mark,replace,-1,none,当前水量充足
3101,水量饱和,mark,replace,-1,none,当前水量饱和
3102,血衣,shield,max,-1,auto_remove=true,受到攻击时吸收伤害、扣除等量血衣值并回复所有体力[ENDL]血衣值归零时移除血衣状态并使体力转变为1点[ENDL]当前血衣值为[value]
3103,潮汐领域,mark,replace,-1,inherit=true,攻击时若自身体力低于1/2会附带50点伤害
3104,魔鬼契约,mark,replace,-1,none,特攻值增加75点
3105,寒霜川流,turn,replace,5,none,速度值减少50点
3106,霜后安魂曲,turn,block,2,keep=false,听完安魂曲会清空怒气
3107,寒霜屏障,mark,replace,1,none,吸收必杀技伤害
3108,千年冰壁,turn,replace,5,none,受到的火系攻击伤害减半
3109,霜魂旋律,turn,replace,2,keep=false&inherit=true,主动换场时下一个出场精灵清空怒气
3110,虚空感应,mark,replace,-1,none,虚空感应可以加强自身某些技能
3111,虚空体质,turn,replace,1,none,受到伤害减少75%
3112,末日宣告,turn,replace,3,none,攻击附带35点固定伤害
3113,渗透劲,turn,replace,1,none,使用技能会强迫转变为渗透劲
3114,协作接力,mark,replace,-1,keep=false&inherit=true,主动换场时下一个出场精灵下次攻击伤害增加25%
3115,协作接力,chance,replace,-1,res=3114,下一次攻击伤害增加25%
3116,特攻联动,mark,stack,-1,max_val=3,使特攻增加25点，最高叠加3层[ENDL]当前为[value]层
3117,物防联动,mark,stack,-1,max_val=3,使物防增加25点，最高叠加3层[ENDL]当前为[value]层
3118,出口成章,turn,replace,3,none,特攻技能造成伤害的1/4将恢复自身体力
3119,层层剖析,turn,replace,3,none,物攻技能暴击率增加50%
3120,逼退,turn,replace,2,none,爆炸时损失1/3最大体力，最高不超过对手最大体力的1/3
3121,物攻联动,mark,stack,-1,max_val=3,使物攻增加25点，最高叠加3层[ENDL]当前为[value]层
3122,特防联动,mark,stack,-1,max_val=3,使特防增加25点，最高叠加3层[ENDL]当前为[value]层
3123,送葬之罚,turn,replace,5,none,攻击附加对手已损失体力1/4的伤害，最高不超过自身最大体力的1/4
3124,鲜肉馅,turn,block,2,inherit=true,结束时恢复80点体力[ENDL]（主动换场继承）
3125,美味佳肴,mark,replace,-1,inherit=true&legacy=true,下一个上场的精灵首次决定技能时全能力各强化1级
3126,固态化,mark,replace,-1,none,受到的伤害减少15%
3127,潜热,mark,block,-1,none,移除印记时使对手流失80点体力，死亡时自动移除
3128,恒久光辉,mark,block,-1,keep=false,受到的伤害减少90%，攻击会使对手流失90点体力
3129,准备动作,chance,replace,-1,none,下次攻击伤害增加70%且暴击率增加10%
3130,灵巧,turn,replace,1,res=18,闪避特殊攻击，但受到物理攻击伤害翻倍
3131,无限气力,turn,replace,2,none,每回合强化物攻1级
3132,焰火,turn,replace,3,none,使自身火系技能伤害增加70%
3133,怒瞳,turn,replace,5,none,受到伤害的10%回复自身怒气
3134,火环之心,mark,stack,-1,max_val=10&auto_remove=true,每层伤害增加6%，最多叠加10层[ENDL]当前为[value]层
3135,火苗,turn,stack,2,max_val=100,每回合损失[value]点体力，最高100点
3136,幽灵,mark,stack,-1,max_val=11&auto_remove=true, 11层时转变为狂欢，最多叠加11层[ENDL]当前为[value]层
3137,狂欢,turn,replace,2,none,免疫幽灵状态。闪避率增加100%。必杀技以外的所有技能先制+1、克制系数不低于1且攻击时不消耗怒气
3138,宴会终结,turn,replace,3,none,恢复自身最大体力的1/8，受到攻击时获得1个幽灵
3139,不谐暗光,turn,replace,3,none,受到光系技能伤害减半
3140,幽灵效果触发,turn,replace,1,hide=true,攻击后添加对应层数的幽灵
3141,液态化,mark,replace,-1,none,受到攻击后回复自身1/16体力
3142,融化,turn,replace,3,keep=false&inherit=true,受到攻击时随机弱化对手1项能力1级
3143,焦点腐蚀,mark,replace,-1,none,特定攻击技能造成伤害的1/4将恢复自身体力
3144,疾火,turn,replace,3,none,每回合回复自身10点怒气
3145,不灭烈焰,mark,stack,-1,max_val=2,每层提升物防值和特防值35点，初次达到2层时回复35怒气，最多叠加2层
3146,赤炼,mark,block,-1,none,速度值提升35点
3147,猛火,mark,block,-1,none,物攻值和特攻值提升35点
3148,烈火领域,mark,replace,-1,inherit=true,回合结束时若自身体力低于1/2会恢复自身15点怒气
3149,火焰仆从,turn,replace,5,none,火系技能伤害增加50%
3150,噬体烈焰,turn,replace,5,none,受到攻击后使对手损失35点体力
3151,烈焰之子,chance,replace,-1,none,下次攻击额外附加100点伤害
3152,伊特领域,mark,replace,-1,none,暴击率增加10%
3153,双凫,mark,replace,-1,none,决定技能时若当前回合数尾数小于5，则使攻击技能威力减半并行动两次
3154,化羽,turn,replace,3,none,每回合回复1/6体力
3155,钢之领域,mark,replace,-1,none,回合开始时25%强化自身物攻1级，25%强化自身物防1级
3156,钢铁领域,mark,replace,-1,none,回合开始时35%强化自身物攻1级，35%强化自身物防1级
3157,东风巨炮,turn,replace,1,none,使用技能会强迫转变为东风巨炮
3158,全副武装,turn,block,2,none,结束时强化自身全能力1级
3159,战之领域,mark,replace,-1,none,造成的伤害增加10%
3160,战斗领域,mark,replace,-1,none,造成的伤害增加20%
3161,气态化,mark,replace,-1,none,先出手时造成的伤害增加25%[ENDL]后出手时当回合对手命中率降低25%
3162,汽化热,chance,replace,-1,auto_remove=true,对手攻击技能必中-2[ENDL]若自身闪避失败则清除对手所有怒气[ENDL]当前剩余[value]次
3163,理想气体,turn,block,3,inherit=true,属性相克系数和本系加成固定为1
3164,光辉之影,mark,replace,-1,keep=false,后制-1
3165,光之领域,mark,replace,-1,none,体力回复率增加15%
3166,光辉领域,mark,replace,-1,none,体力回复率增加25%
3167,恐惧之念,mark,stack,-1,auto_remove=true&max_val=3&keep=false&inherit=true&legacy=true,每层使命中率降低10%，回合开始时若达到3层则会消耗2层并陷入恐惧状态2回合[ENDL]当前为[value]层
3168,暗影之光,chance,replace,-1,keep=false,下一次攻击伤害减少25%
3169,暗之领域,mark,replace,-1,none,怒气回复率增加15%
3170,暗影领域,mark,replace,-1,none,怒气回复率增加25%
3171,记恨,mark,replace,-1,none,本回合攻击伤害低于对手则下回合暴击率增加35%
3172,暴击率提升,mark,replace,-1,res=27,暴击率增加[value]%
3173,诋毁,mark,replace,-1,inherit=true,主动换场失去90点体力
3174,毒牙,mark,replace,-1,none,受到的伤害增加25%
3175,冰棱镜,turn,replace,4,res=47,反射攻击的1/4伤害，最高不超过自身最大体力的1/4[ENDL]结束时回复1/4体力
3176,冰凌甲,turn,replace,3,none,受到的伤害减少15%。每回合吸取对手10点怒气
3177,寒冰蜕变,mark,block,-1,none,受到攻击时随机使对手的2项能力下降1级。每回合开始时获得50点护盾
3178,暗物质,mark,stack,-1,auto_remove=true&max_val=3,每一层使自身命中率增加5%且对手命中率减少5%，最多叠加3层[ENDL]当前为[value]层
3179,猎魔血印,mark,replace,-1,none,每回合损失20点体力。每层能力强化会额外提高20点。
3180,破甲,mark,stack,-1,res=3012&max_val=400,使用攻击技能会叠加技能威力的破甲值。每10点破甲值忽视对手1%当前物防值，最多忽视40%[ENDL]当前破甲值为[value]点
3181,战意屏障,turn,replace,5,res=47,反射物理攻击伤害的25%，最高不超过自身最大体力的25%
3182,霜灵,mark,replace,-1,none,所有技能必中且暴击率提升35%
3183,寒霜领域,mark,replace,-1,inherit=true,体力低于1/2时暴击伤害增加15%
3184,圣光,mark,replace,-1,none,每回合回复1/16体力
3185,征伐之火,turn,replace,4,none,造成的伤害提升35%，回复造成伤害35%的体力
3186,救赎之火,chance,replace,-1,none,回合结束时若自身体力低于1/8会回复100点体力并移除此印记
3187,歃血,mark,replace,-1,none,每回合损失1/16体力，击败对手时回复全部体力
3188,仇视,mark,replace,-1,none,速度值提升50点，物理攻击附带50点伤害
3189,嫉恶,mark,replace,-1,none,速度值提升50点，特殊攻击伤害增加50%
3190,处决之火,chance,replace,-1,none,任何一方体力低于1/4时，自身攻击附带100点伤害并移除此印记
3191,噩梦,mark,replace,-1,none,速度下降50点
3192,沉默游戏,turn,replace,3,none,使用属性技能会损失100点体力
3193,逆转游戏,turn,replace,3,none,回合结束时若处于异常状态会回复100点体力
3194,禁怒游戏,turn,replace,3,none,回合结束时损失15怒气
3195,极限游戏,turn,replace,3,none,若决定使用威力高于100的技能则会无法行动
3196,噩梦马戏团,turn,replace,4,none,物理攻击伤害增加35%
3279,蜂纹,mark,stack,-1,auto_remove=true&max_val=3,每一层使中毒造成的伤害增加30，最多叠加3层。[ENDL]当前为[value]层
3280,青蜂之舞,turn,replace,3,res=18,闪避率增加50%
3281,寒冰坚韧,shield,replace,-1,none,受到伤害减少25%
3282,冻气附体,mark,replace,-1,none,暴击率增加10%
3283,反射龟壳,turn,replace,3,none,受到伤害时反弹（最大体力-600）点伤害，结束时使自身获得冻气附体
3284,凝聚冻气,mark,max,-1,res=19,每回合回复1/8体力
3285,反射,mark,replace,-1,res=47,反弹受到伤害[value]%的伤害，最高不超过10*[value]点
3286,寒冰护甲,shield,max,-1,auto_remove=true,抵挡自身（最大体力-500）的2倍的伤害护盾，结束时使自身获得冻气附体
3287,安抚,turn,replace,5,none,无法强化
3288,心灵制约,turn,replace,3,none,回合结束减少15点怒气
3289,雪之外衣,mark,replace,-1,res=31,最多抵挡120点伤害并恢复受到伤害1/2的体力 不超过80点
3290,冰封记忆用与否,turn,stack,1,max_val=1&hide=true,记录本回合冰封记忆操作
3291,冰封记忆,mark,replace,-1,none,记录当前强化等级，下次使用消耗并恢复
3292,冰封记忆物攻,mark,replace,-1,max_val=6&hide=true,记录物攻强化
3293,冰封记忆特攻,mark,replace,-1,max_val=6&hide=true,记录特攻强化
3294,冰封记忆物防,mark,replace,-1,max_val=6&hide=true,记录物防强化
3295,冰封记忆特防,mark,replace,-1,max_val=6&hide=true,记录特防强化
3296,冰封记忆速度,mark,replace,-1,max_val=6&hide=true,记录速度强化
3297,幻想,mark,stack,-1,max_val=2&auto_remove=true,最多2层
3298,晚安,turn,stack,3,keep=false&inherit=true,恢复自身40点体力 受到伤害提前结束并获得必定暴击
3299,真实幻想,turn,replace,4,none,持续期间不消耗幻想
3300,先祖冰魂,mark,replace,-1,res=57,无法恢复
3301,回家吃饭,turn,replace,3,none,恢复自身最大体力的1/6 受到伤害时提前结束并强化物防1级
3302,雪球,mark,replace,-1,keep=false,雪球印记
3303,钉子陷阱,turn,replace,5,none,物攻失去65点体力
3304,钉子陷阱,turn,replace,5,res=3303,物攻失去65点体力并恢复对手15点怒气
3305,迷雾陷阱,turn,replace,5,none,特攻失去65点体力
3306,迷雾陷阱,turn,replace,5,res=3305,特攻失去65点体力并恢复对手15点怒气
3307,暗施冷箭,mark,replace,-1,hide=true,使用过暗施冷箭
3308,攻其不备,mark,replace,-1,hide=true,使用过攻其不备
3309,毒喷雾,mark,replace,-1,hide=true,使用过毒喷雾
3310,声东击西,mark,replace,-1,hide=true,使用过声东击西
3311,暗藏玄机,mark,replace,-1,hide=true,使用过暗藏玄机
3312,胆大包天,mark,replace,-1,hide=true,使用过胆大包天
3313,明目张胆,mark,replace,-1,hide=true,使用过明目张胆
3314,投降,mark,replace,-1,hide=true,使用过投降
100001,终结,feature,replace,-1,none,体力低于1/4时，消耗弱点记号的技能伤害增加25%，且使水泡必中并附加30点伤害
100004,炎火,feature,replace,-1,none,体力低于1/4时，火系技能造成的伤害增加25%，且使火焰必中并附加30点伤害
100007,坚韧,feature,replace,-1,none,体力低于1/4时，受到的伤害减少25%，且使种子爆弹必中并附加30点伤害
100010,入梦,feature,replace,-1,none,首发时可以进入精灵的梦境
100013,阳光,feature,replace,-1,none,晴天环境下每回合恢复自身1/16体力
100016,重压,feature,replace,-1,none,体重超过100KG时造成伤害提升10%
100018,坚强,feature,replace,-1,none,体力低于1/4时，受到物理伤害减少30%
100020,流水,feature,replace,-1,none,体力低于1/4时，水系技能伤害增加25%
100022,毒药,feature,replace,-1,none,对手具有慢性毒药时自身伤害增加10%
100025,空气,feature,replace,-1,none,水系技能命中率提高5%，具有空气值时伤害提升10%
100028,锋利,feature,replace,-1,none,普通系技能的伤害增加25%
100030,潮湿,feature,replace,-1,none,雨天时水纹屏障吸收量增加50%
100032,燃烧,feature,replace,-1,none,对手烧伤时自身伤害增加15%
100034,眩晕,feature,replace,-1,none,对手眩晕时增加自身伤害15%
100037,阳炎,feature,replace,-1,none,炎热环境时命中率增加10%
100039,抢攻,feature,replace,-1,none,先出手时造成的伤害增加10%
100041,光滑,feature,replace,-1,none,闪避率提高10%
100046,偏斜,feature,replace,-1,none,受到物理伤害减少30%，受到特殊伤害增加15%
100055,连攻,feature,replace,-1,none,非首发时造成的伤害增加10%
100058,高瞻,feature,replace,-1,none,身高100公分以上时命中率增加10%
100061,有爱,feature,replace,-1,none,以爱的名义伤害增加10%
100072,蓄水,feature,replace,-1,none,水量充足时伤害增加5%，水量饱和时伤害增加10%
100074,火环,feature,replace,-1,none,回合结束时若自身具有火环之心则会增加1层
100090,雷神,feature,replace,-1,none,每次出场时使环境转变为雷暴天
100091,速成,feature,replace,-1,none,升级速度提升50%
100095,黑暗,feature,replace,-1,none,攻击后若怒气低于对手则会恢复造成伤害1/2的体力
100096,光明,feature,replace,-1,none,回合结束时若怒气高于对手则会恢复自身1/8体力
100100,好战,feature,replace,-1,none,回合结束时若怒气低于对手则会恢复自身15点怒气
100119,后劲,feature,replace,-1,none,后出手时造成的伤害增加10%
100122,冰固,feature,replace,-1,none,最大体力＞550时受到伤害减少10%
100124,幻想,feature,replace,-1,none,具有幻想时受到伤害减少15%
100126,冰雪,feature,replace,-1,none,普通系伤害增加15% 暴风雪时所有伤害额外增加10%
100128,咆哮,feature,replace,-1,none,对手体力＜1/2时自身伤害增加15%
100138,强化,feature,replace,-1,none,强化特攻时随机强化1项能力1级
100140,虚空,feature,replace,-1,max_val=10,每次技能命中后会增加10%闪避率，闪避后获得虚空感应
100146,腐蚀,feature,replace,-1,none,自身具有焦点腐蚀时，技能威力增加10
100149,连击,feature,replace,-1,none,使连击2次以上的技能连击次数增加1次
100151,青蜂,feature,replace,-1,none,技能命中处于中毒状态的对手会重置中毒状态为3回合
100154,紫电,feature,replace,-1,none,特攻技能伤害增加10%，物攻技能命中率增加10%
100178,潜能,feature,replace,-1,none,攻击附带自身个体值的伤害
100179,夜行,feature,replace,-1,none,战斗开始时环境转变为夜幕
100192,炽热,feature,replace,-1,none,炎热时每回合使对手失去1/16体力，最高不超过自身最大体力的1/16
100200,毒粉,feature,replace,-1,none,自身具有花粉弥漫时，每回合使对手失去25点体力
100214,神光,feature,replace,-1,none,出手前体力高于1/2时免疫不良，低于1/2时光系技能必中
100220,联动,feature,replace,-1,none,物攻技能使自身特攻值增加25点，特攻技能使自身物防值增加25点，可叠加3次
100224,孤高,feature,replace,-1,none,被攻击性技能命中时，使对手失去15怒气
100228,谋划,feature,replace,-1,none,首次类技能首次使用必中
100234,炎帝,feature,replace,-1,none,怒气永不低于25，且回合开始时怒气高于50会免疫异常1回合
100235,羽刃,feature,replace,-1,max_val=32,攻击时已累积三十二式会增加30固伤[ENDL]当前累积[value]式
100237,噩梦,feature,replace,-1,none,对手具有噩梦时，自身命中率提升15%
100241,幻斑,feature,replace,-1,none,攻击时10%使对手昏迷2回合
100249,神圣,feature,replace,-1,none,自身具有圣光时对手暴击-1
100280,狂欢,feature,replace,-1,none,狂欢状态下所有技能必中
100301,森林,feature,replace,-1,none,自身具有森林祝福时受到的伤害减少10%
100302,红球,feature,replace,-1,none,当仅有红色水球时，水系技能伤害增加20%
100307,逍遥,feature,replace,-1,none,攻击后当回合技能怒气消耗转变为0
100320,影魔,feature,replace,-1,none,回合结束时每1个影子都能为自身恢复10点体力
100323,暴食,feature,replace,-1,none,攻击造成的伤害若低于100则恢复自身1/12体力
100326,虚无,feature,replace,-1,none,普通系技能对自身的命中率减少35%
100329,堕落,feature,replace,-1,none,对手具有弱化时，自身每次攻击能恢复30体力
100332,怒视,feature,replace,-1,none,对手使用属性技能时自身获得10点怒气
100335,嫉妒,feature,replace,-1,none,若对手能力值总和高于自身，则自身受到的伤害减少10%
100338,傲气,feature,replace,-1,none,当自身强化大于对手时自身受到的伤害减少10%
100350,极热,feature,replace,-1,none,决定使用属性技能时50%使对手烧伤
100354,幻化,feature,replace,-1,none,自身攻击力视为双攻较高的一项，对手防御力视为双防较低的一项
100356,毒牙,feature,replace,-1,none,对手具有毒牙时自身技能威力增加10点
100388,指引,feature,replace,-1,none,以星的指引伤害增加10%
100436,甲骨,feature,replace,-1,none,首次出场时获得不屈状态
100495,战神,feature,replace,-1,none,古战场时每回合回复1/16体力
100538,破甲,feature,replace,-1,none,首次出场时自带破甲
100761,固态,feature,replace,-1,none,固态化状态下受到的克制系伤害不超过200
100762,液态,feature,replace,-1,none,液态化状态下受到的暴击伤害减少25%
100763,气态,feature,replace,-1,none,气态化状态下攻击无视对手防御类强化
100809,万灵,feature,replace,-1,none,体力上限提高10%，但受到的伤害增加10%
100810,武钢,feature,replace,-1,none,具有物攻强化时暴击率增加15%
100826,五味,feature,replace,-1,none,属性技能命中后有15%几率恢复1/6体力
100845,割裂,feature,replace,-1,none,特攻技能使自身物攻值增加25点，物攻技能使自身特防值增加25点，可叠加3次[ENDL]（这只精灵视为埃鲁达克的对应型态）
100959,逻辑,feature,replace,-1,none,回合结束时自身体力低于1/8会强化1级速度
100961,首星,feature,replace,-1,none,星移环境下命中率增加50%
100962,躯星,feature,replace,-1,none,星移环境下受到的伤害减少10%
100963,臂星,feature,replace,-1,none,星移环境下攻击前有15%几率使对手冻伤3回合
100964,足星,feature,replace,-1,none,星移环境下所有技能先制+2
100965,背星,feature,replace,-1,none,星移环境下攻击造成的伤害不低于100
100966,心星,feature,replace,-1,none,星移环境下每回合增加5点怒气
100970,星移,feature,replace,-1,none,每次出场时使环境转变为星移
100981,灵目,feature,replace,-1,none,免疫不良状态，对手攻击时若自身体力低于1/8会恢复1/8体力
100982,灵脉,feature,replace,-1,none,免疫不良状态，回合结束时体力为1会怒气回满，血衣状态下对手暴击-1
100983,灵幻,feature,replace,-1,none,免疫不良状态，怒气上限提升为200点
100984,灵沁,feature,replace,-1,none,免疫不良状态，暴击时回复10点怒气
100988,灵影,feature,replace,-1,none,免疫不良状态，被对手技能命中时生成1枚影钩
100989,最强,feature,replace,-1,none,全能力值提升100点
100990,王者,feature,replace,-1,none,免疫不良状态，怒气不低于30
101220,歃血,feature,replace,-1,none,每损失1%体力提升1%暴击率
101990,王者,feature,replace,-1,none,免疫异常状态，怒气不低于30
200001,追击,emblem,replace,-1,none,命中率和闪避率提高10%
200004,怒火,emblem,replace,-1,none,怒气回复率提高20%（攻击命中与回合结束回复的怒气除外）
200007,治愈,emblem,replace,-1,none,体力回复率提高20%
200010,魅惑,emblem,replace,-1,none,免疫魅惑状态
200013,抗毒,emblem,replace,-1,none,免疫中毒状态
200016,重量,emblem,replace,-1,none,增加体重10KG
200018,树皮,emblem,replace,-1,none,免疫流血状态
200020,失明,emblem,replace,-1,none,免疫失明状态
200022,慢性,emblem,replace,-1,none,免疫慢性毒药状态
200025,窒息,emblem,replace,-1,none,免疫窒息状态
200028,星之,emblem,replace,-1,none,使星之力提升自身速度1级
200030,震击,emblem,replace,-1,none,水纹震击提升的致命几率再增加15%
200032,易燃,emblem,replace,-1,none,受到攻击时15%使对手烧伤3回合
200034,眩晕,emblem,replace,-1,none,受到攻击时15%使对手眩晕5回合
200037,威严,emblem,replace,-1,none,免疫害怕状态
200039,焰火,emblem,replace,-1,none,增加1回合焰火的效果回合数
200041,虚弱,emblem,replace,-1,none,对手处于能力下降状态时自身伤害增加10%
200046,辉之,emblem,replace,-1,none,出场自带星之辉状态
200055,针灸,emblem,replace,-1,none,增加2回合针灸的持续时间
200058,拳之,emblem,replace,-1,none,拳类技能伤害增加10%
200061,爱的,emblem,replace,-1,none,首次出场时自带爱的名义
200072,潮水,emblem,replace,-1,none,潮水技能使对手中溺水的几率提升10%
200074,火心,emblem,replace,-1,none,每层火环之心的伤害提升由6%转变为10%
200090,雷祭,emblem,replace,-1,none,命中麻痹的对手会回复自身5点怒气
200091,重击,emblem,replace,-1,none,使重击伤害增加35%
200095,恐惧,emblem,replace,-1,none,对手恐惧时自身的攻击伤害不会低于100
200096,光辉,emblem,replace,-1,none,每回合恢复自身20点体力
200100,斗魂,emblem,replace,-1,none,使斗战之魂消耗怒气附加的固定伤害翻倍
200119,坚韧,emblem,replace,-1,none,具有寒冰坚韧时受到伤害减少20点
200122,冻气,emblem,replace,-1,none,具有冻气附体时暴击率增加5%
200124,化身,emblem,replace,-1,none,化冰/化雾/化雪威力增加5点
200126,安抚,emblem,replace,-1,none,对手具有安抚时攻击威力增加10点
200128,怪笑,emblem,replace,-1,none,后出手时必中
200138,保暖,emblem,replace,-1,none,保暖20%效果2倍
200140,感应,emblem,replace,-1,none,具有虚空感应时造成的伤害增加10%
200146,吸取,emblem,replace,-1,none,攻击技能未命中时吸取对手10怒气
200149,麻痹,emblem,replace,-1,none,使技能所附带的麻痹几率提高10%
200151,蜂纹,emblem,replace,-1,none,对手具有蜂纹时，自身攻击技能造成伤害的1/10会恢复自身的体力
200154,挑衅,emblem,replace,-1,none,挑衅也增加自身20点怒气
200178,必杀,emblem,replace,-1,none,必杀技的属性相克系数不会低于1
200179,灯芯,emblem,replace,-1,none,每次出场时获得不谐暗光1回合
200192,高热,emblem,replace,-1,none,对手烧伤或免疫烧伤时伤害增加10%
200200,荧光,emblem,replace,-1,none,对手具有荧光花粉时，每回合恢复自身25点体力
200214,光武,emblem,replace,-1,none,使用光系技能恢复5点怒气
200220,联防,emblem,replace,-1,none,非首发时受到的伤害减少10%
200224,安魂,emblem,replace,-1,none,霜后安魂曲造成的伤害增加10%
200228,陷阱,emblem,replace,-1,none,陷阱生效时时恢复在场精灵15点怒气
200234,阳炎,emblem,replace,-1,none,在炎热环境下所有技能必中
200235,羽刃,emblem,replace,-1,none,对手的物攻技能命中时会使其损失50点体力
200237,游戏,emblem,replace,-1,none,使游戏类技能先制+1
200241,深海,emblem,replace,-1,none,深海场地下受到的伤害减少10%
200249,拯救,emblem,replace,-1,none,使拯救之火也会回复自身100体力
200280,召唤,emblem,replace,-1,none,回合结束时若自身具有幽灵则会增加1层
200301,祝福,emblem,replace,-1,none,使森林祝福提升的体力回复率提高5%
200302,蓝球,emblem,replace,-1,none,每消耗1个蓝色水球增加自身10点怒气
200307,天道,emblem,replace,-1,none,免疫干裂状态
200320,影子,emblem,replace,-1,none,首次出场时获得1个影子
200323,贪食,emblem,replace,-1,none,食类技能命中后能解除自身不良
200326,契约,emblem,replace,-1,none,魔鬼契约可额外提升自身50点特防值
200329,刻死,emblem,replace,-1,none,自身战败时会随机弱化对手能力1级
200332,理智,emblem,replace,-1,none,首次出场时获得100点怒气传递状态
200335,阴暗,emblem,replace,-1,none,本回合技能未命中则下回合受到伤害减少75%
200338,恐怖,emblem,replace,-1,none,当自身强化大于对手时自身造成的伤害增加10%
200350,熔石,emblem,replace,-1,none,对手烧伤时火系技能致命率增加15%
200354,蜕变,emblem,replace,-1,none,体力低于1/4时，寒冰蜕变技能先制+1
200356,蛇行,emblem,replace,-1,none,具有速度强化时命中率增加10%
200388,星的,emblem,replace,-1,none,首次出场时自带星的指引
200436,棒骨,emblem,replace,-1,none,棒骨的反弹效果和反弹上限增加10%
200495,怒战,emblem,replace,-1,none,古战场时攻击附带35点伤害
200538,历战,emblem,replace,-1,none,使用战斗系技能会恢复20点体力
200761,冰晶,emblem,replace,-1,none,冰晶类技能命中后会消除对手5点怒气
200762,变幻,emblem,replace,-1,none,使用威力为0的技能会在决定技能时恢复5点怒气
200763,蒸气,emblem,replace,-1,none,使用连击技能会恢复5点怒气
200809,蛇蜕,emblem,replace,-1,none,回合开始时会解除自身的不良状态
200810,装甲,emblem,replace,-1,none,具有物防强化时受到的暴击伤害降低25%
200826,萌月,emblem,replace,-1,none,使五味特性触发恢复体力的几率增加10%
200845,联攻,emblem,replace,-1,none,非首发时造成的伤害增加10%
200959,专注,emblem,replace,-1,none,击败对手时清除自身异常状态
200961,首魅,emblem,replace,-1,none,使幻魅之眼的魅惑效果延长1回合
200962,躯徽,emblem,replace,-1,none,使星尘幻盾回复自身120点体力
200963,臂骈,emblem,replace,-1,none,使星刃解封提升自身速度1级
200964,足躏,emblem,replace,-1,none,战斗开始时获得10点怒气
200965,背逆,emblem,replace,-1,none,使星辰回转先制+1
200966,心惘,emblem,replace,-1,none,使星辰变幻解除自身弱化
200970,璨星,emblem,replace,-1,none,免疫异常状态
200981,复苏,emblem,replace,-1,none,首次出场时附带复苏领域
200982,潮汐,emblem,replace,-1,none,首次出场时附带潮汐领域
200983,烈火,emblem,replace,-1,none,首次出场时附带烈火领域
200984,寒霜,emblem,replace,-1,none,首次出场时附带寒霜领域
200988,幻视,emblem,replace,-1,none,首次出场时附带幻视领域
200989,王者,emblem,replace,-1,none,首次出场时附带王者体质
200990,王权,emblem,replace,-1,hide=true,首次出场时附带王权领域
201220,浴血,emblem,replace,-1,none,使用浴血之火会使对手损失35点怒气
201990,王罚,emblem,replace,-1,hide=true,首次出场时附带王罚领域
300354,海牙,emblem,replace,-1,none,冰系技能暴击率提升25%，超能系技能暴击伤害提升15%
900001,骇浪,feature,replace,-1,none,雨天环境下使用攻击技能恢复自身5怒气
900004,魔焰,feature,replace,-1,none,炎热环境下暴击率增加15%
900007,飞叶,feature,replace,-1,none,晴天环境下受到的暴击伤害减少25%
900010,猛禽,feature,replace,-1,none,体力低于1/4时，飞行系技能先制+1
800001,龙牙,emblem,replace,-1,none,使用龙系技能同样适用本系加成
800004,火拳,emblem,replace,-1,none,对手怒气高于50时，自身技能威力增加15
800007,花舞,emblem,replace,-1,none,对手被花粉影响时，自身的物理技能附带35点固定伤害
800010,红韵,emblem,replace,-1,none,体力低于1/4时，使用红韵有35%几率闪避下一次攻击
500000,无,weather,replace,-1,none,无天气或环境效果
500001,晴天,weather,replace,-1,none,草系和光系技能伤害+35%
500002,雨天,weather,replace,-1,none,水系技能伤害+35%
500003,炎热,weather,replace,-1,none,火系技能伤害+35%
500004,暴风雪,weather,replace,-1,none,冰系技能伤害+35%
500005,沙尘暴,weather,replace,-1,none,沙漠系技能伤害+35%
500006,地震,weather,replace,-1,none,地面系技能伤害+35%
500007,雷暴天,weather,replace,-1,none,电系技能伤害+35%
500008,飓风,weather,replace,-1,none,飞行系和风系技能伤害+35%
500009,夜幕,weather,replace,-1,none,暗影系和特质系技能伤害+35%
500010,异空間,weather,replace,-1,none,超能系和神秘系技能伤害+35%
500011,古战场,weather,replace,-1,none,战斗系、龙系、上古系技能伤害+35%
500012,星移,weather,replace,-1,none,特质系和圣灵系技能伤害+35%
500013,虫群,weather,replace,-1,none,虫系技能伤害+35%
400001,三倍加速器,item,replace,-1,none,战斗胜利时使精灵获得三倍经验
400002,三倍学习机,item,replace,-1,none,战斗胜利时使精灵获得三倍学习力
400003,镇静剂,item,replace,-1,item=20001,暴击率降低为0并转为对应的伤害倍率强化
400004,神秘果实,item,replace,-1,item=20002,使精灵无法自然进化
400005,初级物攻药剂,item,new,-1,status=50/0/0/0/0/0,物攻值提升50点
400006,初级特攻药剂,item,new,-1,status=0/50/0/0/0/0,特攻值提升50点
400007,初级物防药剂,item,new,-1,status=0/0/50/0/0/0,物防值提升50点
400008,初级特防药剂,item,new,-1,status=0/0/0/50/0/0,特防值提升50点
400009,初级速度药剂,item,new,-1,status=0/0/0/0/50/0,速度值提升50点
400010,中级物攻药剂,item,new,-1,status=100/0/0/0/0/0,物攻值提升100点
400011,中级特攻药剂,item,new,-1,status=0/100/0/0/0/0,特攻值提升100点
400012,中级物防药剂,item,new,-1,status=0/0/100/0/0/0,物防值提升100点
400013,中级特防药剂,item,new,-1,status=0/0/0/100/0/0,特防值提升100点
400014,中级速度药剂,item,new,-1,status=0/0/0/0/100/0,速度值提升100点
400015,物攻战斗药剂,item,max,-1,none,物攻值提升[value]点
400016,特攻战斗药剂,item,max,-1,none,特攻值提升[value]点
400017,物防战斗药剂,item,max,-1,none,物防值提升[value]点
400018,特防战斗药剂,item,max,-1,none,特防值提升[value]点
400019,速度战斗药剂,item,max,-1,none,速度值提升[value]点
410000,万钧星魂,item,replace,-1,item=21000&group=star_soul&status_mult=1.25/1/1/1/1/1,[ffbb33]【星魂】[-][ENDL]物攻值提升25%
410001,圣灵星魂,item,replace,-1,item=21001&group=star_soul&status_mult=1/1.25/1/1/1/1,[ffbb33]【星魂】[-][ENDL]特攻值提升25%
410002,钻盾星魂,item,replace,-1,item=21002&group=star_soul&status_mult=1/1/1.25/1/1/1,[ffbb33]【星魂】[-][ENDL]物防值提升25%
410003,魂界星魂,item,replace,-1,item=21003&group=star_soul&status_mult=1/1/1/1.25/1/1,[ffbb33]【星魂】[-][ENDL]特防值提升25%
410004,无极星魂,item,replace,-1,item=21004&group=star_soul&status_mult=1/1/1/1/1.25/1,[ffbb33]【星魂】[-][ENDL]速度值提升25%
410005,光启星魂,item,replace,-1,item=21005&group=star_soul&status_mult=1/1/1/1/1/1.25,[ffbb33]【星魂】[-][ENDL]体力上限提升25%
410006,锁魂星魂,item,replace,-1,item=21006&group=star_soul,[ffbb33]【星魂】[-][ENDL]命中上升15%
410007,神耀星魂,item,replace,-1,item=21007&group=star_soul,[ffbb33]【星魂】[-][ENDL]暴击率增加15%
410008,虚灵星魂,item,replace,-1,item=21008&group=star_soul,[ffbb33]【星魂】[-][ENDL]闪避率增加15%
410009,神辉星魂,item,replace,-1,item=21009&group=star_soul,[ffbb33]【星魂】[-][ENDL]暴击抵抗增加15%
410010,怒劫星魂,item,replace,-1,item=21010&group=star_soul,[ffbb33]【星魂】[-][ENDL]每回合开始时回复15怒气
410011,怒浩星魂,item,replace,-1,item=21011&group=star_soul,[ffbb33]【星魂】[-][ENDL]每回合结束时消除对手15怒气
410012,迷你平板,item,replace,-1,none,伊特大乱斗途中每次获胜会使背包中所有精灵资质+5
420001,粘液,item,replace,-1,item=22001&group=exclude,[ffbb33]【随身物品】[-][ENDL]使用属性技能会恢复5点怒气，法伊娜携带时额外使属性技能命中提升25%
420002,笑笑花子,item,replace,-1,item=22002&group=exclude,[ffbb33]【随身物品】[-][ENDL]晴天时每回合恢复1/16体力，笑笑葵携带时额外使技能威力增加10点（不论天气）
420003,破损头盔,item,replace,-1,item=22003&group=exclude,[ffbb33]【随身物品】[-][ENDL]免疫麻痹和昏迷状态，重甲独角携带时额外使攻击技能命中提升25%
420004,披风碎片,item,replace,-1,item=22004&group=exclude,[ffbb33]【随身物品】[-][ENDL]免疫中毒和流血状态，青峰携带时额外使对手攻击技能命中降低25%
420005,树根巨锤,item,replace,-1,item=22005&group=exclude,[ffbb33]【随身物品】[-][ENDL]体重增加50kg，布鲁托携带时额外使自身每回合获得1层增重
420006,小木块,item,replace,-1,item=22006&group=exclude,[ffbb33]【随身物品】[-][ENDL]对手受到的流血伤害翻倍，树根使者携带时额外使受到的伤害减少15%
420007,池塘树叶,item,replace,-1,item=22007&group=exclude,[ffbb33]【随身物品】[-][ENDL]使用技能35%随机弱化对手1项能力1级，库奇鲁携带时行动2次
420008,雪花,item,replace,-1,item=22008&group=exclude,[ffbb33]【随身物品】[-][ENDL]对手所有能力皆无法强化时造成的伤害增加25%，卡尼娅携带时额外使安抚之触清除对手强化
420009,藤蔓花子,item,replace,-1,item=22009&group=exclude,[ffbb33]【随身物品】[-][ENDL]对手受到的慢性毒药伤害为2倍，古加罗斯携带时会恢复与之等量的体力且每回合开始时使对手获得1层慢性毒药
420010,咕噜气泡,item,replace,-1,item=22010&group=exclude,[ffbb33]【随身物品】[-][ENDL]免疫窒息和溺水状态，安迷亚携带时空气储量会在回合开始时填满
430000,商城礼券,item,replace,-1,none,伊特大乱斗途中的商店买一送二
430001,蘑菇果实,item,replace,-1,item=23001&group=exclude,[ffbb33]【随身物品】[-][ENDL]威力低于自身体重的技能连击数+1，但会有25%概率使自身在出手前陷入昏迷1回合
430002,伊萨晶石,item,replace,-1,item=23002&group=exclude,[ffbb33]【随身物品】[-][ENDL]每回合恢复双方1/12体力
430003,黑水结晶,item,replace,-1,item=23003&group=exclude,[ffbb33]【随身物品】[-][ENDL]每回合恢复10点怒气，但是受到的伤害增加15%
430004,草目璞玉,item,replace,-1,item=23004&group=exclude,[ffbb33]【随身物品】[-][ENDL]技能暴击时使天气转变为晴天
430005,茶叶包,item,replace,-1,item=23005&group=exclude,[ffbb33]【随身物品】[-][ENDL]回合开始时若自身为满体力则使对手当回合【禁疗】
440000,大乱斗邀请函,item,replace,-1,item=24000&group=exclude,[ffbb33]【随身物品】[-][ENDL]首次登场时获得[ffbb33]【伊特领域】[-]
600002,深海,mark,replace,-1,none,双方受到攻击时25%概率溺水
600008,影触,mark,replace,-1,none,每回合随机弱化双方1项能力1级
610000,PVP极品资质120,mark,replace,-1,none,[ffbb33]【PVP对战规则】[-][ENDL]双方精灵资质为120
610001,PVP无禽12星,mark,replace,-1,none,[ffbb33]【PVP对战规则】[-][ENDL]背包必须带满6只精灵，且星数总和不能超过12[ENDL]不能携带4星以上精灵，且3星精灵最多携带2只
-11,商店,mark,blcok,-1,none,可以购买各式道具和加成
-12,战斗（终极）,mark,block,-1,none,本层的最终战斗！
-13,起始点,mark,block,-1,none,选择你的伊特吧！
-14,回复,mark,block,-1,none,使背包中的精灵全部回满体力！
-15,战斗（简单）,mark,block,-1,none,简单难度的战斗！
-16,战斗（困难）,mark,block,-1,none,困难难度的战斗！
-17,奖励,mark,block,-1,none,意外之喜！
-18,随机事件,mark,block,-1,none,根据你的选择决定命运
-3000,物攻强化,mark,replace,-1,hide=true,初始物攻强化2级
-3001,超重,mark,replace,-1,res=3041,增重80000kg
-3002,巨石托尔,mark,replace,-1,hide=true,没有增重状态时使用体重暴涨
-3003,星之首影,mark,replace,-1,hide=true,对手免疫异常时使用星徽之怒
-3004,圣光惩戒,mark,replace,-1,hide=true,对手强化超过2级时消强化
-3005,麦麦迪挑战2,mark,replace,-1,hide=true,没有不屈状态时获得0伤盾
-3006,星之躯影,mark,replace,-1,hide=true,储存超过400伤害时使用星尘裁决
-3007,充电身躯,mark,replace,-1,hide=true,受到攻击使对手[ffbb33]【麻痹】[-]
-3008,剥夺,mark,replace,-1,hide=true,对方不处于无力状态时使用剥夺
-3009,雷神之力,mark,replace,-1,none,物攻伤害100倍，必杀技伤害10倍
-3010,凯萨之力,mark,replace,-1,none,特攻伤害100倍，必杀技伤害10倍
-3011,影灵之力,mark,replace,-1,hide=true,首次出场时使场地变为影触
-3012,对手连击降低,mark,replace,-1,hide=true,对手所有技能连击数降低
-3013,暴食回廊,mark,replace,-1,res=3017,受到致死攻击时，保留1/12体力
-3014,星辰回转,mark,replace,-1,hide=true,体力低于100000星辰回转
-3015,星尘幻盾,mark,replace,-1,hide=true,体力低于40000星尘幻盾
-3016,脉灵之力,mark,replace,-1,hide=true,首次出场时使场地变为深海
-3017,血脉喷张,mark,replace,-1,hide=true,体力为1时使用血脉喷张
-3018,贪婪回廊,mark,replace,-1,res=45,每回合吸取强化
-3019,湍流不息,mark,replace,-1,hide=true,水系克制系数高于冰系时使用湍流不息
-3020,永久千年冰壁,mark,replace,-1,hide=true,战斗开始时获得永久千年冰壁
-3021,虚弱大厅,mark,replace,-1,res=46,受到攻击时使对手能力值下降100点
-3022,至尊光环(2),mark,replace,-1,hide=true,至尊光环(2)
-3023,狂暴回廊,mark,replace,-1,res=63,怒气上限提升至500点
-3024,液态迦拉特,mark,replace,-1,hide=true,死亡变身固态迦拉特並保留2000体力
-3025,固态迦拉特,mark,replace,-1,hide=true,固态迦拉特的技能和恒久光辉
-3026,爆炎,mark,max,-1,min_val=50&max_val=100,爆炎值最低50。对手使用攻击技能-10，属性技能+10，换场+20。达到100时秒杀对手且爆炎值再也不会降低[ENDL]当前爆炎值为[value]
-3027,焚火天躯,mark,replace,-1,hide=true,200怒以上使用焚火天躯且伤害不低于200
-3028,BOSS禁疗,mark,replace,-1,hide=true,使用技能后使对手[ffbb33]【禁疗】[-]
-3029,火元素,mark,replace,-1,hide=true,使用技能后使对手[ffbb33]【烫伤】[-]
-3030,多段行动(2),mark,replace,-1,hide=true,多段行动(2)
-3031,2025冰蛇,mark,replace,-1,hide=true,体力低于1/8时使用寒冰蜕变
-3032,物攻强化,mark,replace,-1,hide=true,初始物攻强化6级
-3033,特攻强化,mark,replace,-1,hide=true,初始特攻强化6级
-3034,物防强化,mark,replace,-1,hide=true,初始物防强化6级
-3035,特防强化,mark,replace,-1,hide=true,初始特防强化6级
-3036,速度强化,mark,replace,-1,hide=true,初始速度强化6级
-3037,傲慢大厅,mark,replace,-1,res=19,回合结束时若能力强化不低于对手则会回复全部体力
-3038,冰封,mark,replace,-1,min_val=-273,初始温度为0度，每回合温度会降低5度，若达到[ffbb33]零下273度[-]则获胜[ENDL]对手出手前若低于[ffbb33]零下100度[-]会陷入冻伤状态，若低于[ffbb33]零下200度[-]会额外陷入冰冻状态[ENDL][ENDL]当前温度为 [value] 度